000020,동화약품,KP,KR,제약바이오,
000040,KR모터스,KP,KR,자동차,
000050,경방,KP,KR,섬유의류,
000060,메리츠화재,KP,KR,보험,
000070,삼양홀딩스,KP,KR,음식료,
000075,삼양홀딩스우,KP,KR,,우선주
000080,하이트진로,KP,KR,주류제조업,
000087,하이트진로2우B,KP,KR,,우선주
000100,유한양행,KP,KR,제약바이오,
000105,유한양행우,KP,KR,,우선주
000120,CJ대한통운,KP,KR,화물운송과물류,
000140,하이트진로홀딩스,KP,KR,금융,
000145,하이트진로홀딩스우,KP,KR,,우선주
000150,두산,KP,KR,기타서비스,
000155,두산우,KP,KR,,우선주
000157,두산2우B,KP,KR,,우선주
000180,성창기업지주,KP,KR,종이와목재,
000210,대림산업,KP,KR,건설,
000215,대림산업우,KP,KR,,우선주
000220,유유제약,KP,KR,제약바이오,
000225,유유제약1우,KP,KR,,
000227,유유제약2우B,KP,KR,,우선주
000230,일동홀딩스,KP,KR,제약바이오,
000240,한국앤컴퍼니,KP,KR,금융,
000250,삼천당제약,KD,KR,제약바이오,
000270,기아차,KP,KR,자동차,
000300,대유플러스,KP,KR,자동차부품,
000320,노루홀딩스,KP,KR,금융,
000325,노루홀딩스우,KP,KR,,우선주
000370,한화손해보험,KP,KR,보험,
000390,삼화페인트,KP,KR,건축자재,
000400,롯데손해보험,KP,KR,보험,
000430,대원강업,KP,KR,자동차부품,
000440,중앙에너비스,KD,KR,유통,
000480,조선내화,KP,KR,비철금속,
000490,대동공업,KP,KR,기계와장비,
000500,가온전선,KP,KR,전기전자,
000520,삼일제약,KP,KR,제약바이오,
000540,흥국화재,KP,KR,보험,
000545,흥국화재우,KP,KR,,우선주
000547,흥국화재2우B,KP,KR,,우선주
000590,CS홀딩스,KP,KR,금융,
000640,동아쏘시오홀딩스,KP,KR,금융,
000650,천일고속,KP,KR,운송업,
000660,SK하이닉스,KP,KR,반도체,
000670,영풍,KP,KR,핸드셋,
000680,LS네트웍스,KP,KR,섬유의류,
000700,유수홀딩스,KP,KR,화물운송과물류,
000720,현대건설,KP,KR,건설,
000725,현대건설우,KP,KR,,우선주
000760,이화산업,KP,KR,유통,
000810,삼성화재,KP,KR,보험,
000815,삼성화재우,KP,KR,,우선주
000850,화천기공,KP,KR,기계와장비,
000860,강남제비스코,KP,KR,건축자재,
000880,한화,KP,KR,화학,
000885,한화우,KP,KR,,우선주
00088K,한화3우B,KP,KR,,우선주
000890,보해양조,KP,KR,주류제조업,
000910,유니온,KP,KR,건축자재,
000950,전방,KP,KR,섬유의류,
000970,한국주철관,KP,KR,철강과금속,
000990,DB하이텍,KP,KR,반도체,
000995,DB하이텍1우,KP,KR,,
001000,신라섬유,KD,KR,유통,
001020,페이퍼코리아,KP,KR,종이와목재,
001040,CJ,KP,KR,금융,
001045,CJ우,KP,KR,,우선주
00104K,CJ4우(전환),KP,KR,,
001060,JW중외제약,KP,KR,제약바이오,
001065,JW중외제약우,KP,KR,,우선주
001067,JW중외제약2우B,KP,KR,,우선주
001070,대한방직,KP,KR,섬유의류,
001080,만호제강,KP,KR,철강과금속,
001120,LG상사,KP,KR,유통,
001130,대한제분,KP,KR,음식료,
001140,국보,KP,KR,화물운송과물류,
001200,유진투자증권,KP,KR,증권,
001210,금호전기,KP,KR,디스플레이장비및부품,
001230,동국제강,KP,KR,철강과금속,
001250,GS글로벌,KP,KR,유통,
001260,남광토건,KP,KR,건설,
001270,부국증권,KP,KR,증권,
001275,부국증권우,KP,KR,,우선주
001290,상상인증권,KP,KR,증권,
001340,백광산업,KP,KR,화학,
001360,삼성제약,KP,KR,제약바이오,
001380,SG충방,KP,KR,자동차부품,
001390,KG케미칼,KP,KR,화학,
001420,태원물산,KP,KR,자동차부품,
001430,세아베스틸,KP,KR,철강과금속,
001440,대한전선,KP,KR,전기전자,
001450,현대해상,KP,KR,보험,
001460,BYC,KP,KR,섬유의류,
001465,BYC우,KP,KR,,우선주
001470,삼부토건,KP,KR,건설,
001500,현대차증권,KP,KR,증권,
001510,SK증권,KP,KR,증권,
001515,SK증권우,KP,KR,,우선주
001520,동양,KP,KR,건축자재,
001525,동양우,KP,KR,,우선주
001527,동양2우B,KP,KR,,우선주
001529,동양3우B,KP,KR,,우선주
001530,DI동일,KP,KR,섬유의류,
001540,안국약품,KD,KR,제약바이오,
001550,조비,KP,KR,화학,
001560,제일연마,KP,KR,비철금속,
001570,금양,KP,KR,화학,
001620,케이비아이동국실업,KP,KR,자동차부품,
001630,종근당홀딩스,KP,KR,제약바이오,
001680,대상,KP,KR,음식료,
001685,대상우,KP,KR,,우선주
001720,신영증권,KP,KR,증권,
001725,신영증권우,KP,KR,,우선주
001740,SK네트웍스,KP,KR,유통,
001745,SK네트웍스우,KP,KR,,우선주
001750,한양증권,KP,KR,증권,
001755,한양증권우,KP,KR,,우선주
001770,신화실업,KP,KR,철강과금속,
001780,알루코,KP,KR,비철금속,
001790,대한제당,KP,KR,음식료,
001795,대한제당우,KP,KR,,우선주
001799,대한제당3우B,KP,KR,,우선주
001800,오리온홀딩스,KP,KR,음식료,
001810,무림SP,KD,KR,종이와목재,
001820,삼화콘덴서,KP,KR,전자부품제조업,
001840,이화공영,KD,KR,건설,
001880,대림건설,KP,KR,건설,
001940,KISCO홀딩스,KP,KR,철강과금속,
002020,코오롱,KP,KR,금융,
002025,코오롱우,KP,KR,,우선주
002030,아세아,KP,KR,종이와목재,
002070,비비안,KP,KR,섬유의류,
002100,경농,KP,KR,화학,
002140,고려산업,KP,KR,음식료,
002150,도화엔지니어링,KP,KR,건설,
002170,삼양통상,KP,KR,섬유의류,
002200,한국수출포장,KP,KR,종이와목재,
002210,동성제약,KP,KR,제약바이오,
002220,한일철강,KP,KR,철강과금속,
002230,피에스텍,KD,KR,전자부품제조업,
002240,고려제강,KP,KR,철강과금속,
002270,롯데푸드,KP,KR,음식료,
002290,삼일기업공사,KD,KR,건설,
002300,한국제지,KP,KR,,
002310,아세아제지,KP,KR,종이와목재,
002320,한진,KP,KR,화물운송과물류,
002350,넥센타이어,KP,KR,자동차부품,
002355,넥센타이어1우B,KP,KR,,우선주
002360,SH에너지화학,KP,KR,화학,
002380,KCC,KP,KR,건축자재,
002390,한독,KP,KR,제약바이오,
002410,범양건영,KP,KR,건설,
002420,세기상사,KP,KR,오락과문화,
002450,삼익악기,KP,KR,,
002460,화성산업,KP,KR,건설,
002600,조흥,KP,KR,음식료,
002620,제일파마홀딩스,KP,KR,제약바이오,
002630,오리엔트바이오,KP,KR,자동차부품,
002680,한탑,KD,KR,음식료,
002690,동일제강,KP,KR,철강과금속,
002700,신일전자,KP,KR,가정용기기,
002710,TCC스틸,KP,KR,철강과금속,
002720,국제약품,KP,KR,제약바이오,
002760,보락,KP,KR,음식료,
002780,진흥기업,KP,KR,건설,
002785,진흥기업우B,KP,KR,,우선주
002787,진흥기업2우B,KP,KR,,우선주
002790,아모레G,KP,KR,화장품,
002795,아모레G우,KP,KR,,우선주
00279K,아모레G3우(전환),KP,KR,,
002800,신신제약,KD,KR,제약바이오,
002810,삼영무역,KP,KR,유통,
002820,선창산업,KP,KR,종이와목재,
002840,미원상사,KP,KR,화학,
002870,신풍제지,KP,KR,종이와목재,
002880,대유에이텍,KP,KR,자동차부품,
002900,동양물산,KP,KR,기계와장비,
002920,유성기업,KP,KR,자동차부품,
002960,한국쉘석유,KP,KR,화학,
002990,금호산업,KP,KR,건설,
002995,금호산업우,KP,KR,,우선주
003000,부광약품,KP,KR,제약바이오,
003010,혜인,KP,KR,유통,
003030,세아제강지주,KP,KR,금융,
003060,에이프로젠제약,KP,KR,제약바이오,
003070,코오롱글로벌,KP,KR,건설,
003075,코오롱글로벌우,KP,KR,,우선주
003080,성보화학,KP,KR,화학,
003090,대웅,KP,KR,금융,
003100,선광,KD,KR,기타서비스,
003120,일성신약,KP,KR,제약바이오,
003160,디아이,KP,KR,반도체,
003200,일신방직,KP,KR,섬유의류,
003220,대원제약,KP,KR,제약바이오,
003230,삼양식품,KP,KR,음식료,
003240,태광산업,KP,KR,화학,
003280,흥아해운,KP,KR,해운사,
003300,한일홀딩스,KP,KR,건축자재,
003310,대주산업,KD,KR,음식료,
003350,한국화장품제조,KP,KR,화장품,
003380,하림지주,KD,KR,음식료,
003410,쌍용양회,KP,KR,건축자재,
003415,쌍용양회우,KP,KR,,우선주
003460,유화증권,KP,KR,증권,
003465,유화증권우,KP,KR,,우선주
003470,유안타증권,KP,KR,증권,
003475,유안타증권우,KP,KR,,우선주
003480,한진중공업홀딩스,KP,KR,가스유틸리티,
003490,대한항공,KP,KR,항공사,
003495,대한항공우,KP,KR,,우선주
003520,영진약품,KP,KR,제약바이오,
003530,한화투자증권,KP,KR,증권,
003535,한화투자증권우,KP,KR,,우선주
003540,대신증권,KP,KR,증권,
003545,대신증권우,KP,KR,,우선주
003547,대신증권2우B,KP,KR,,우선주
003550,LG,KP,KR,금융,
003555,LG우,KP,KR,,우선주
003560,IHQ,KP,KR,오락과문화,
003570,S&T중공업,KP,KR,자동차부품,
003580,넥스트사이언스,KP,KR,건축자재,
003610,방림,KP,KR,섬유의류,
003620,쌍용차,KP,KR,자동차,
003650,미창석유,KP,KR,화학,
003670,포스코케미칼,KP,KR,화학,
003680,한성기업,KP,KR,음식료,
003690,코리안리,KP,KR,보험,
003720,삼영화학,KP,KR,화학,
003780,진양산업,KP,KR,화학,
003800,에이스침대,KD,KR,가구제조업,
003830,대한화섬,KP,KR,화학,
003850,보령제약,KP,KR,제약바이오,
003920,남양유업,KP,KR,음식료,
003925,남양유업우,KP,KR,,우선주
003960,사조대림,KP,KR,음식료,
004000,롯데정밀화학,KP,KR,화학,
004020,현대제철,KP,KR,철강과금속,
004060,SG세계물산,KP,KR,섬유의류,
004080,신흥,KP,KR,유통,
004090,한국석유,KP,KR,화학,
004100,태양금속,KP,KR,자동차부품,
004105,태양금속우,KP,KR,,우선주
004140,동방,KP,KR,화물운송과물류,
004150,한솔홀딩스,KP,KR,금융,
004170,신세계,KP,KR,소매유통업,
004200,고려개발,KP,KR,,
004250,NPC,KP,KR,화학,
004255,NPC우,KP,KR,,우선주
004270,남성,KP,KR,유통,
004310,현대약품,KP,KR,제약바이오,
004360,세방,KP,KR,화물운송과물류,
004365,세방우,KP,KR,,우선주
004370,농심,KP,KR,음식료,
004380,삼익THK,KP,KR,기계와장비,
004410,서울식품,KP,KR,음식료,
004415,서울식품우,KP,KR,,우선주
004430,송원산업,KP,KR,화학,
004440,삼일씨엔에스,KP,KR,건축자재,
004450,삼화왕관,KP,KR,종이와목재,
004490,세방전지,KP,KR,자동차부품,
004540,깨끗한나라,KP,KR,종이와목재,
004545,깨끗한나라우,KP,KR,,우선주
004560,현대비앤지스틸,KP,KR,비철금속,
004565,현대비앤지스틸우,KP,KR,,우선주
004590,한국가구,KD,KR,유통,
004650,창해에탄올,KD,KR,주류제조업,
004690,삼천리,KP,KR,가스유틸리티,
004700,조광피혁,KP,KR,섬유의류,
004710,한솔테크닉스,KP,KR,디스플레이장비및부품,
004720,우리들제약,KP,KR,제약바이오,
004770,써니전자,KP,KR,전자장비와기기,
004780,대륙제관,KD,KR,종이와목재,
004800,효성,KP,KR,금융,
004830,덕성,KP,KR,섬유의류,
004835,덕성우,KP,KR,,우선주
004840,DRB동일,KP,KR,금융,
004870,티웨이홀딩스,KP,KR,항공사,
004890,동일산업,KP,KR,철강과금속,
004910,조광페인트,KP,KR,건축자재,
004920,씨아이테크,KP,KR,컴퓨터와주변기기,
004960,한신공영,KP,KR,건설,
004970,신라교역,KP,KR,음식료,
004980,성신양회,KP,KR,건축자재,
004985,성신양회우,KP,KR,,우선주
004990,롯데지주,KP,KR,음식료,
00499K,롯데지주우,KP,KR,,우선주
005010,휴스틸,KP,KR,철강과금속,
005030,부산주공,KP,KR,자동차부품,
005070,코스모신소재,KP,KR,화학,
005090,SGC에너지,KP,KR,종이와목재,
005110,한창,KP,KR,유통,
005160,동국산업,KD,KR,철강과금속,
005180,빙그레,KP,KR,음식료,
005190,동성화학,KP,KR,화학,
005250,녹십자홀딩스,KP,KR,제약바이오,
005257,녹십자홀딩스2우,KP,KR,,
005290,동진쎄미켐,KD,KR,전자장비와기기,
005300,롯데칠성,KP,KR,음식료,
005305,롯데칠성우,KP,KR,,우선주
005320,국동,KP,KR,섬유의류,
005360,모나미,KP,KR,문구류,
005380,현대차,KP,KR,자동차,
005385,현대차우,KP,KR,,우선주
005387,현대차2우B,KP,KR,,우선주
005389,현대차3우B,KP,KR,,우선주
005390,신성통상,KP,KR,유통,
005420,코스모화학,KP,KR,화학,
005430,한국공항,KP,KR,기타서비스,
005440,현대그린푸드,KP,KR,소매유통업,
005490,POSCO,KP,KR,철강과금속,
005500,삼진제약,KP,KR,제약바이오,
005610,SPC삼립,KP,KR,음식료,
005670,푸드웰,KD,KR,음식료,
005680,삼영전자,KP,KR,전자부품제조업,
005690,파미셀,KP,KR,화학,
005710,대원산업,KD,KR,자동차부품,
005720,넥센,KP,KR,자동차부품,
005725,넥센우,KP,KR,,우선주
005740,크라운해태홀딩스,KP,KR,음식료,
005745,크라운해태홀딩스우,KP,KR,,우선주
005750,대림B&Co,KP,KR,건축제품,
005800,신영와코루,KP,KR,섬유의류,
005810,풍산홀딩스,KP,KR,금융,
005820,원림,KP,KR,종이와목재,
005830,DB손해보험,KP,KR,보험,
005850,에스엘,KP,KR,자동차부품,
005860,한일사료,KD,KR,음식료,
005870,휴니드,KP,KR,우주항공및국방,
005880,대한해운,KP,KR,해운사,
005930,삼성전자,KP,KR,반도체,
005935,삼성전자우,KP,KR,,우선주
005940,NH투자증권,KP,KR,증권,
005945,NH투자증권우,KP,KR,,우선주
005950,이수화학,KP,KR,화학,
005960,동부건설,KP,KR,건설,
005965,동부건설우,KP,KR,,우선주
005990,매일홀딩스,KD,KR,음식료,
006040,동원산업,KP,KR,음식료,
006050,국영지앤엠,KD,KR,건축제품,
006060,화승인더,KP,KR,섬유의류,
006090,사조오양,KP,KR,음식료,
006110,삼아알미늄,KP,KR,비철금속,
006120,SK디스커버리,KP,KR,금융,
006125,SK디스커버리우,KP,KR,,우선주
006140,피제이전자,KD,KR,의료정밀기기,
006200,한국전자홀딩스,KP,KR,금융,
006220,제주은행,KP,KR,은행,
006260,LS,KP,KR,금융,
006280,녹십자,KP,KR,제약바이오,
006340,대원전선,KP,KR,전기전자,
006345,대원전선우,KP,KR,,우선주
006360,GS건설,KP,KR,건설,
006370,대구백화점,KP,KR,소매유통업,
006380,카프로,KP,KR,화학,
006390,한일현대시멘트,KP,KR,건축자재,
006400,삼성SDI,KP,KR,전자부품제조업,
006405,삼성SDI우,KP,KR,,우선주
006490,인스코비,KP,KR,,
006570,대림통상,KP,KR,건축제품,
006580,대양제지,KD,KR,종이와목재,
006620,동구바이오제약,KD,KR,제약바이오,
006650,대한유화,KP,KR,화학,
006660,삼성공조,KP,KR,자동차부품,
006730,서부T&D,KD,KR,기타서비스,
006740,영풍제지,KP,KR,종이와목재,
006800,미래에셋대우,KP,KR,금융,
006805,미래에셋대우우,KP,KR,,우선주
00680K,미래에셋대우2우B,KP,KR,,우선주
006840,AK홀딩스,KP,KR,금융,
006880,신송홀딩스,KP,KR,유통,
006890,태경케미컬,KP,KR,화학,
006910,보성파워텍,KD,KR,전기전자,
006920,모헨즈,KD,KR,건축자재,
006980,우성사료,KP,KR,음식료,
007070,GS리테일,KP,KR,소매유통업,
007110,일신석재,KP,KR,건축자재,
007120,미래아이앤지,KP,KR,IT서비스,
007160,사조산업,KP,KR,음식료,
007210,벽산,KP,KR,건축자재,
007280,한국특수형강,KP,KR,철강과금속,
007310,오뚜기,KP,KR,음식료,
007330,푸른저축은행,KD,KR,,
007340,디티알오토모티브,KP,KR,자동차부품,
007370,진양제약,KD,KR,제약바이오,
007390,네이처셀,KD,KR,제약바이오,
007460,에이프로젠 KIC,KP,KR,기계와장비,
007530,영신금속,KD,KR,자동차부품,
007540,샘표,KP,KR,음식료,
007570,일양약품,KP,KR,제약바이오,
007575,일양약품우,KP,KR,,우선주
007590,동방아그로,KP,KR,화학,
007610,선도전기,KP,KR,전기전자,
007630,폴루스바이오팜,KP,KR,통신장비,
007660,이수페타시스,KP,KR,전자부품제조업,
007680,대원,KD,KR,건설,
007690,국도화학,KP,KR,화학,
007700,F&F,KP,KR,섬유의류,
007720,대명소노시즌,KD,KR,유통,
007770,한일화학,KD,KR,화학,
007810,코리아써키트,KP,KR,전자부품제조업,
007815,코리아써우,KP,KR,전자장비와기기,
00781K,코리아써키트2우B,KP,KR,,우선주
007820,에스엠코어,KD,KR,기계와장비,
007860,서연,KP,KR,금융,
007980,태평양물산,KP,KR,섬유의류,
008040,사조동아원,KP,KR,음식료,
008060,대덕,KP,KR,전자부품제조업,
00806K,대덕1우,KP,KR,,
008110,대동전자,KP,KR,전자장비와기기,
008250,이건산업,KP,KR,건축자재,
008260,NI스틸,KP,KR,철강과금속,
008290,원풍물산,KD,KR,섬유의류,
008350,남선알미늄,KP,KR,건축제품,
008355,남선알미우,KP,KR,,
008370,원풍,KD,KR,화학,
008420,문배철강,KP,KR,철강과금속,
008470,부스타,KD,KR,기계와장비,
008490,서흥,KP,KR,화학,
008500,일정실업,KP,KR,자동차부품,
008560,메리츠증권,KP,KR,증권,
008600,윌비스,KP,KR,섬유의류,
008700,아남전자,KP,KR,전자부품제조업,
008730,율촌화학,KP,KR,종이와목재,
008770,호텔신라,KP,KR,레저,
008775,호텔신라우,KP,KR,,우선주
008800,행남사,KD,KR,가정용기기,
008830,대동기어,KD,KR,기계와장비,
008870,금비,KP,KR,종이와목재,
008930,한미사이언스,KP,KR,금융,
008970,동양철관,KP,KR,철강과금속,
009070,KCTC,KP,KR,화물운송과물류,
009140,경인전자,KP,KR,전자부품제조업,
009150,삼성전기,KP,KR,전자부품제조업,
009155,삼성전기우,KP,KR,,우선주
009160,SIMPAC,KP,KR,기계와장비,
009180,한솔로지스틱스,KP,KR,화물운송과물류,
009190,대양금속,KP,KR,비철금속,
009200,무림페이퍼,KP,KR,종이와목재,
009240,한샘,KP,KR,유통,
009270,신원,KP,KR,섬유의류,
009275,신원우,KP,KR,,우선주
009290,광동제약,KP,KR,제약바이오,
009300,삼아제약,KD,KR,제약바이오,
009310,참엔지니어링,KP,KR,디스플레이장비및부품,
009320,대우부품,KP,KR,자동차부품,
009410,태영건설,KP,KR,건설,
009415,태영건설우,KP,KR,,우선주
009420,한올바이오파마,KP,KR,제약바이오,
009440,KC그린홀딩스,KP,KR,금융,
009450,경동나비엔,KP,KR,가정용기기,
009460,한창제지,KP,KR,종이와목재,
009470,삼화전기,KP,KR,전자부품제조업,
009520,포스코엠텍,KD,KR,철강과금속,
009540,한국조선해양,KP,KR,조선,
009580,무림P&P,KP,KR,종이와목재,
009620,삼보산업,KD,KR,비철금속,
009680,모토닉,KP,KR,자동차부품,
009730,코센,KD,KR,비철금속,
009770,삼정펄프,KP,KR,종이와목재,
009780,엠에스씨,KD,KR,음식료,
009810,엔케이물산,KP,KR,유통,
009830,한화솔루션,KP,KR,화학,
009835,한화솔루션우,KP,KR,,우선주
009900,명신산업,KP,KR,,
009970,영원무역홀딩스,KP,KR,금융,
010040,한국내화,KP,KR,비철금속,
010050,우리종금,KP,KR,금융,
010060,OCI,KP,KR,화학,
010100,한국프랜지,KP,KR,자동차부품,
010120,LS ELECTRIC,KP,KR,전기전자,
010130,고려아연,KP,KR,비철금속,
010140,삼성중공업,KP,KR,조선,
010145,삼성중공우,KP,KR,,
010170,대한광통신,KD,KR,전기전자,
010240,흥국,KD,KR,기계와장비,
010280,쌍용정보통신,KD,KR,IT서비스,
010400,우진아이엔에스,KP,KR,건설,
010420,한솔PNS,KP,KR,유통,
010470,오리콤,KD,KR,기타서비스,
010580,지코,KP,KR,자동차부품,
010600,웰바이오텍,KP,KR,섬유의류,
010620,현대미포조선,KP,KR,조선,
010640,진양폴리,KP,KR,화학,
010660,화천기계,KP,KR,기계와장비,
010690,화신,KP,KR,자동차부품,
010770,평화홀딩스,KP,KR,자동차부품,
010780,아이에스동서,KP,KR,건설,
010820,퍼스텍,KP,KR,우주항공및국방,
010950,S-Oil,KP,KR,화학,
010955,S-Oil우,KP,KR,,우선주
010960,삼호개발,KP,KR,건설,
011000,진원생명과학,KP,KR,생물공학,
011040,경동제약,KD,KR,제약바이오,
011070,LG이노텍,KP,KR,전자부품제조업,
011080,형지I&C,KD,KR,섬유의류,
011090,에넥스,KP,KR,가구제조업,
011150,CJ씨푸드,KP,KR,음식료,
011155,CJ씨푸드1우,KP,KR,,
011160,두산건설,KP,KR,,
011170,롯데케미칼,KP,KR,화학,
011200,HMM,KP,KR,해운사,
011210,현대위아,KP,KR,자동차부품,
011230,삼화전자,KP,KR,전자장비와기기,
011280,태림포장,KP,KR,종이와목재,
011300,성안,KP,KR,섬유의류,
011320,유니크,KD,KR,자동차부품,
011330,유니켐,KP,KR,섬유의류,
011370,서한,KD,KR,건설,
011390,부산산업,KP,KR,건축자재,
011420,갤럭시아에스엠,KP,KR,오락과문화,
011500,한농화성,KP,KR,화학,
011560,세보엠이씨,KD,KR,건설,
011690,유양디앤유,KP,KR,디스플레이장비및부품,
011700,한신기계,KP,KR,기계와장비,
011760,현대상사,KP,KR,유통,
011780,금호석유,KP,KR,화학,
011785,금호석유우,KP,KR,,우선주
011790,SKC,KP,KR,화학,
011810,STX,KP,KR,유통,
011930,신성이엔지,KP,KR,반도체,
012030,DB,KP,KR,IT서비스,
012160,영흥,KP,KR,철강과금속,
012170,키위미디어그룹,KP,KR,오락과문화,
012200,계양전기,KP,KR,자동차부품,
012205,계양전기우,KP,KR,,우선주
012280,영화금속,KP,KR,자동차부품,
012320,경동인베스트,KP,KR,금융,
012330,현대모비스,KP,KR,자동차부품,
012340,뉴인텍,KD,KR,전자부품제조업,
012450,한화에어로스페이스,KP,KR,우주항공및국방,
012510,더존비즈온,KP,KR,기타서비스,
012600,센트럴인사이트,KP,KR,컴퓨터와주변기기,
012610,경인양행,KP,KR,화학,
012620,원일특강,KD,KR,철강과금속,
012630,HDC,KP,KR,금융,
012690,모나리자,KP,KR,종이와목재,
012700,리드코프,KD,KR,유통,
012750,에스원,KP,KR,기타서비스,
012790,신일제약,KD,KR,제약바이오,
012800,대창,KP,KR,비철금속,
012860,모베이스전자,KD,KR,자동차부품,
013000,세우글로벌,KP,KR,유통,
013030,하이록코리아,KD,KR,기계와장비,
013120,동원개발,KD,KR,건설,
013310,아진산업,KD,KR,자동차부품,
013360,일성건설,KP,KR,건설,
013520,화승알앤에이,KP,KR,자동차부품,
013570,디와이,KP,KR,금융,
013580,계룡건설,KP,KR,건설,
013700,까뮤이앤씨,KP,KR,건설,
013720,청보산업,KD,KR,자동차부품,
013810,스페코,KD,KR,기계와장비,
013870,지엠비코리아,KP,KR,자동차부품,
013890,지누스,KP,KR,가구제조업,
013990,아가방컴퍼니,KD,KR,섬유의류,
014100,메디앙스,KD,KR,화학,
014130,한익스프레스,KP,KR,화물운송과물류,
014160,대영포장,KP,KR,종이와목재,
014190,원익큐브,KD,KR,유통,
014200,광림,KD,KR,기계와장비,
014280,금강공업,KP,KR,건축제품,
014285,금강공업우,KP,KR,,우선주
014440,영보화학,KP,KR,화학,
014470,부방,KD,KR,,
014530,극동유화,KP,KR,화학,
014570,고려제약,KD,KR,제약바이오,
014580,태경비케이,KP,KR,비철금속,
014620,성광벤드,KD,KR,기계와장비,
014680,한솔케미칼,KP,KR,화학,
014710,사조씨푸드,KP,KR,음식료,
014790,한라,KP,KR,건설,
014820,동원시스템즈,KP,KR,종이와목재,
014825,동원시스템즈우,KP,KR,,우선주
014830,유니드,KP,KR,화학,
014910,성문전자,KP,KR,전자부품제조업,
014915,성문전자우,KP,KR,,우선주
014940,오리엔탈정공,KD,KR,기계와장비,
014970,삼륭물산,KD,KR,종이와목재,
014990,인디에프,KP,KR,섬유의류,
015020,이스타코,KP,KR,오락과문화,
015230,대창단조,KP,KR,기계와장비,
015260,에이엔피,KP,KR,전자부품제조업,
015350,부산가스,KP,KR,가스유틸리티,
015360,예스코홀딩스,KP,KR,금융,
015540,쎌마테라퓨틱스,KP,KR,기타서비스,
015590,큐로,KP,KR,기계와장비,
015710,코콤,KD,KR,통신장비,
015750,성우하이텍,KD,KR,자동차부품,
015760,한국전력,KP,KR,전기유틸리티,
015860,일진홀딩스,KP,KR,금융,
015890,태경산업,KP,KR,비철금속,
016090,대현,KP,KR,섬유의류,
016100,리더스코스메틱,KD,KR,화장품,
016250,SGC이테크건설,KD,KR,건설,
016360,삼성증권,KP,KR,증권,
016380,KG동부제철,KP,KR,철강과금속,
016385,KG동부제철우,KP,KR,,우선주
016450,한세예스24홀딩스,KP,KR,섬유의류,
016580,환인제약,KP,KR,제약바이오,
016590,신대양제지,KP,KR,종이와목재,
016600,큐캐피탈,KD,KR,금융,
016610,DB금융투자,KP,KR,증권,
016670,포비스티앤씨,KD,KR,유통,
016710,대성홀딩스,KP,KR,가스유틸리티,
016740,두올,KP,KR,자동차부품,
016790,현대사료,KD,KR,음식료,
016800,퍼시스,KP,KR,가구제조업,
016880,웅진,KP,KR,금융,
016920,카스,KD,KR,전자장비와기기,
017000,신원종합개발,KD,KR,건설,
017040,광명전기,KP,KR,전기전자,
017180,명문제약,KP,KR,제약바이오,
017250,인터엠,KD,KR,전자장비와기기,
017370,우신시스템,KP,KR,자동차부품,
017390,서울가스,KP,KR,가스유틸리티,
017480,삼현철강,KD,KR,철강과금속,
017510,세명전기,KD,KR,전기전자,
017550,수산중공업,KP,KR,기계와장비,
017650,대림제지,KD,KR,종이와목재,
017670,SK텔레콤,KP,KR,통신업,
017800,현대엘리베이,KP,KR,기계와장비,
017810,풀무원,KP,KR,음식료,
017890,한국알콜,KD,KR,화학,
017900,광전자,KP,KR,전자장비와기기,
017940,E1,KP,KR,가스유틸리티,
017960,한국카본,KP,KR,조선,
018000,유니슨,KD,KR,기계와장비,
018120,진로발효,KD,KR,주류제조업,
018250,애경산업,KP,KR,화학,
018260,삼성에스디에스,KP,KR,IT서비스,
018290,브이티지엠피,KD,KR,전기전자,
018310,삼목에스폼,KD,KR,건축제품,
018470,조일알미늄,KP,KR,비철금속,
018500,동원금속,KP,KR,자동차부품,
018620,우진비앤지,KD,KR,제약바이오,
018670,SK가스,KP,KR,가스유틸리티,
018680,서울제약,KD,KR,제약바이오,
018700,바른손,KD,KR,오락과문화,
018880,한온시스템,KP,KR,자동차부품,
019010,베뉴지,KD,KR,소매유통업,
019170,신풍제약,KP,KR,제약바이오,
019175,신풍제약우,KP,KR,,우선주
019180,티에이치엔,KP,KR,자동차부품,
019210,와이지-원,KD,KR,기계와장비,
019440,세아특수강,KP,KR,철강과금속,
019490,하이트론,KP,KR,통신장비,
019540,일지테크,KD,KR,자동차부품,
019550,SBI인베스트먼트,KD,KR,금융,
019570,리더스 기술투자,KD,KR,금융,
019590,엠벤처투자,KD,KR,금융,
019660,글로본,KD,KR,화장품,
019680,대교,KP,KR,교육,
019685,대교우B,KP,KR,,우선주
019770,서연탑메탈,KD,KR,기계와장비,
019990,에너토크,KD,KR,기계와장비,
020000,한섬,KP,KR,섬유의류,
020120,키다리스튜디오,KP,KR,IT서비스,
020150,일진머티리얼즈,KP,KR,전자부품제조업,
020180,대신정보통신,KD,KR,IT서비스,
020400,대동금속,KD,KR,자동차부품,
020560,아시아나항공,KP,KR,항공사,
020710,시공테크,KD,KR,레저,
020760,일진디스플,KP,KR,전자부품제조업,
021040,대호피앤씨,KD,KR,철강과금속,
021045,대호피앤씨우,KD,KR,,우선주
021050,서원,KP,KR,비철금속,
021080,에이티넘인베스트,KD,KR,금융,
021240,코웨이,KP,KR,가정용기기,
021320,KCC건설,KD,KR,건설,
021650,한국큐빅,KD,KR,자동차부품,
021820,세원정공,KP,KR,자동차부품,
021880,메이슨캐피탈,KD,KR,,
022100,포스코 ICT,KD,KR,IT서비스,
022220,정산애강,KD,KR,건축제품,
023000,삼원강재,KP,KR,자동차부품,
023150,MH에탄올,KP,KR,주류제조업,
023160,태광,KD,KR,기계와장비,
023350,한국종합기술,KP,KR,건설,
023410,유진기업,KD,KR,건축자재,
023440,제일제강,KD,KR,철강과금속,
023450,동남합성,KP,KR,화학,
023460,CNH,KD,KR,,
023530,롯데쇼핑,KP,KR,소매유통업,
023590,다우기술,KP,KR,IT서비스,
023600,삼보판지,KD,KR,종이와목재,
023760,한국캐피탈,KD,KR,,
023770,플레이위드,KD,KR,게임엔터테인먼트,
023790,동일철강,KD,KR,철강과금속,
023800,인지컨트롤스,KP,KR,자동차부품,
023810,인팩,KP,KR,자동차부품,
023890,한국아트라스비엑스,KD,KR,자동차부품,
023900,풍국주정,KD,KR,주류제조업,
023910,대한약품,KD,KR,제약바이오,
023960,에쓰씨엔지니어링,KP,KR,건설,
024060,흥구석유,KD,KR,유통,
024070,WISCOM,KP,KR,화학,
024090,디씨엠,KP,KR,비철금속,
024110,기업은행,KP,KR,은행,
024120,KB오토시스,KD,KR,자동차부품,
024720,한국콜마홀딩스,KP,KR,화장품,
024740,한일단조,KD,KR,자동차부품,
024800,유성티엔에스,KD,KR,운송업,
024810,이화전기,KD,KR,전기전자,
024830,세원물산,KD,KR,자동차부품,
024840,KBI메탈,KD,KR,전기전자,
024850,피에스엠씨,KD,KR,반도체,
024880,케이피에프,KD,KR,기계와장비,
024890,대원화성,KP,KR,섬유의류,
024900,덕양산업,KP,KR,자동차부품,
024910,경창산업,KD,KR,자동차부품,
024940,PN풍년,KD,KR,가정용기기,
024950,삼천리자전거,KD,KR,유통,
025000,KPX케미칼,KP,KR,화학,
025320,시노펙스,KD,KR,핸드셋,
025440,대성엘텍,KD,KR,자동차부품,
025530,SJM홀딩스,KP,KR,자동차부품,
025540,한국단자,KP,KR,자동차부품,
025550,한국선재,KD,KR,철강과금속,
025560,미래산업,KP,KR,반도체,
025620,제이준코스메틱,KP,KR,화장품,
025750,한솔홈데코,KP,KR,건축자재,
025770,한국정보통신,KD,KR,,
025820,이구산업,KP,KR,비철금속,
025860,남해화학,KP,KR,화학,
025870,신라에스지,KD,KR,음식료,
025880,케이씨피드,KD,KR,음식료,
025890,한국주강,KP,KR,기계와장비,
025900,동화기업,KD,KR,건축자재,
025950,동신건설,KD,KR,건설,
025980,아난티,KD,KR,레저,
026040,제이에스티나,KD,KR,섬유의류,
026150,특수건설,KD,KR,건설,
026890,디피씨,KP,KR,전자부품제조업,
026910,광진실업,KD,KR,철강과금속,
026940,부국철강,KP,KR,철강과금속,
026960,동서,KP,KR,음식료,
027040,서울전자통신,KD,KR,전자부품제조업,
027050,코리아나,KD,KR,화장품,
027360,아주IB투자,KD,KR,금융,
027390,한화갤러리아타임월드,KP,KR,,
027410,BGF,KP,KR,금융,
027580,상보,KD,KR,디스플레이장비및부품,
027710,팜스토리,KD,KR,음식료,
027740,마니커,KP,KR,음식료,
027830,대성창투,KD,KR,금융,
027970,세하,KP,KR,종이와목재,
028040,미래SCI,KD,KR,유통,
028050,삼성엔지니어링,KP,KR,건설,
028080,휴맥스홀딩스,KD,KR,전자부품제조업,
028100,동아지질,KP,KR,건설,
028150,GS홈쇼핑,KD,KR,유통,
028260,삼성물산,KP,KR,유통,
02826K,삼성물산우B,KP,KR,,우선주
028300,에이치엘비,KD,KR,조선,
028670,팬오션,KP,KR,해운사,
029460,케이씨,KP,KR,반도체,
029480,릭스솔루션,KD,KR,통신장비,
029530,신도리코,KP,KR,전기전자,
029780,삼성카드,KP,KR,금융,
029960,코엔텍,KD,KR,기타서비스,
030000,제일기획,KP,KR,기타서비스,
030190,NICE평가정보,KD,KR,기타서비스,
030200,KT,KP,KR,통신업,
030210,KTB투자증권,KP,KR,증권,
030350,드래곤플라이,KD,KR,게임엔터테인먼트,
030520,한글과컴퓨터,KD,KR,소프트웨어,
030530,원익홀딩스,KD,KR,반도체,
030610,교보증권,KP,KR,증권,
030720,동원수산,KP,KR,음식료,
030790,비케이탑스,KP,KR,IT서비스,
030960,양지사,KD,KR,문구류,
031310,아이즈비전,KD,KR,통신장비,
031330,에스에이엠티,KD,KR,전자장비와기기,
031390,녹십자셀,KD,KR,생물공학,
031430,신세계인터내셔날,KP,KR,섬유의류,
031440,신세계푸드,KP,KR,레저,
031510,오스템,KD,KR,자동차부품,
031820,콤텍시스템,KP,KR,IT서비스,
031860,엔에스엔,KD,KR,유통,
031980,피에스케이홀딩스,KD,KR,반도체,
032080,아즈텍WB,KD,KR,섬유의류,
032190,다우데이타,KD,KR,유통,
032280,삼일,KD,KR,화물운송과물류,
032300,한국파마,KD,KR,,
032350,롯데관광개발,KP,KR,레저,
032500,케이엠더블유,KD,KR,통신장비,
032540,TJ미디어,KD,KR,전자부품제조업,
032560,황금에스티,KP,KR,비철금속,
032580,피델릭스,KD,KR,반도체,
032620,유비케어,KD,KR,소프트웨어,
032640,LG유플러스,KP,KR,통신업,
032680,소프트센,KD,KR,IT서비스,
032685,소프트센우,KD,KR,,우선주
032750,삼진,KD,KR,전자부품제조업,
032790,엠젠플러스,KD,KR,컴퓨터와주변기기,
032800,판타지오,KD,KR,오락과문화,
032820,우리기술,KD,KR,전자장비와기기,
032830,삼성생명,KP,KR,보험,
032850,비트컴퓨터,KD,KR,소프트웨어,
032860,글로스퍼랩스,KD,KR,기타서비스,
032940,원익,KD,KR,유통,
032960,동일기연,KD,KR,전자장비와기기,
032980,바이온,KD,KR,제약바이오,
033050,제이엠아이,KD,KR,디스플레이장비및부품,
033100,제룡전기,KD,KR,전기전자,
033110,코너스톤네트웍스,KD,KR,전자장비와기기,
033130,디지틀조선,KD,KR,IT서비스,
033160,엠케이전자,KD,KR,반도체,
033170,시그네틱스,KD,KR,반도체,
033180,필룩스,KP,KR,전자부품제조업,
033200,모아텍,KD,KR,전자장비와기기,
033230,인성정보,KD,KR,통신장비,
033240,자화전자,KP,KR,전자부품제조업,
033250,체시스,KP,KR,자동차부품,
033270,유나이티드제약,KP,KR,제약바이오,
033290,코웰패션,KD,KR,섬유의류,
033310,엠투엔,KD,KR,종이와목재,
033320,제이씨현시스템,KD,KR,전자장비와기기,
033340,좋은사람들,KD,KR,섬유의류,
033430,디에스티,KD,KR,기계와장비,
033500,동성화인텍,KD,KR,조선,
033530,세종공업,KP,KR,자동차부품,
033540,파라텍,KD,KR,기계와장비,
033560,블루콤,KD,KR,핸드셋,
033600,럭슬,KD,KR,자동차부품,
033640,네패스,KD,KR,반도체,
033660,아주캐피탈,KP,KR,금융,
033780,KT&G,KP,KR,담배,
033790,스카이문스테크놀로지,KD,KR,통신장비,
033830,티비씨,KD,KR,오락과문화,
033920,무학,KP,KR,주류제조업,
034020,두산중공업,KP,KR,기계와장비,
034120,SBS,KP,KR,오락과문화,
034220,LG디스플레이,KP,KR,전자부품제조업,
034230,파라다이스,KD,KR,레저,
034300,신세계건설,KP,KR,건설,
034310,NICE,KP,KR,기타서비스,
034590,인천도시가스,KP,KR,가스유틸리티,
034730,SK,KP,KR,금융,
03473K,SK우,KP,KR,,우선주
034810,해성산업,KD,KR,부동산,
034830,한국토지신탁,KP,KR,금융,
034940,조아제약,KD,KR,제약바이오,
034950,한국기업평가,KD,KR,기타서비스,
035000,지투알,KP,KR,기타서비스,
035080,인터파크,KD,KR,유통,
035150,백산,KP,KR,섬유의류,
035200,프럼파스트,KD,KR,건축제품,
035250,강원랜드,KP,KR,레저,
035290,더블유에프엠,KD,KR,교육,
035420,NAVER,KP,KR,IT서비스,
035460,기산텔레콤,KD,KR,통신장비,
035510,신세계 I&C,KP,KR,IT서비스,
035600,KG이니시스,KD,KR,IT서비스,
035610,솔본,KD,KR,기타서비스,
035620,바른손이앤에이,KD,KR,게임엔터테인먼트,
035720,카카오,KP,KR,IT서비스,
035760,CJ ENM,KD,KR,오락과문화,
035810,이지홀딩스,KD,KR,음식료,
035890,서희건설,KD,KR,건설,
035900,JYP Ent.,KD,KR,오락과문화,
036000,예림당,KD,KR,항공사,
036010,아비코전자,KD,KR,전자부품제조업,
036030,KTH,KD,KR,유통,
036090,위지트,KD,KR,디스플레이장비및부품,
036120,SCI평가정보,KD,KR,기타서비스,
036170,클라우드에어,KD,KR,디스플레이장비및부품,
036180,지더블유바이텍,KD,KR,유통,
036190,금화피에스시,KD,KR,건설,
036200,유니셈,KD,KR,반도체,
036260,이매진아시아,KD,KR,오락과문화,
036420,제이콘텐트리,KP,KR,오락과문화,
036460,한국가스공사,KP,KR,가스유틸리티,
036480,대성미생물,KD,KR,제약바이오,
036490,SK머티리얼즈,KD,KR,디스플레이장비및부품,
036530,S&T홀딩스,KP,KR,금융,
036540,SFA반도체,KD,KR,반도체,
036560,영풍정밀,KD,KR,기계와장비,
036570,엔씨소프트,KP,KR,게임엔터테인먼트,
036580,팜스코,KP,KR,음식료,
036620,버추얼텍,KD,KR,유통,
036630,세종텔레콤,KD,KR,전기전자,
036640,HRS,KD,KR,화학,
036670,KCI,KD,KR,화학,
036690,코맥스,KD,KR,통신장비,
036710,심텍홀딩스,KD,KR,전자장비와기기,
036800,나이스정보통신,KD,KR,기타서비스,
036810,에프에스티,KD,KR,반도체,
036830,솔브레인홀딩스,KD,KR,반도체,
036890,진성티이씨,KD,KR,기계와장비,
036930,주성엔지니어링,KD,KR,반도체,
037030,파워넷,KD,KR,전자부품제조업,
037070,파세코,KD,KR,가정용기기,
037230,한국팩키지,KD,KR,종이와목재,
037270,YG PLUS,KP,KR,오락과문화,
037330,인지디스플레,KD,KR,디스플레이장비및부품,
037350,성도이엔지,KD,KR,반도체,
037370,EG,KD,KR,유통,
037400,우리조명,KD,KR,디스플레이장비및부품,
037440,희림,KD,KR,기타서비스,
037460,삼지전자,KD,KR,통신장비,
037560,LG헬로비전,KP,KR,오락과문화,
037710,광주신세계,KP,KR,소매유통업,
037760,쎄니트,KD,KR,비철금속,
037950,엘컴텍,KD,KR,핸드셋,
038010,제일테크노스,KD,KR,건축제품,
038060,루멘스,KD,KR,디스플레이장비및부품,
038070,서린바이오,KD,KR,유통,
038110,에코플라스틱,KD,KR,자동차부품,
038160,팍스넷,KD,KR,IT서비스,
038290,마크로젠,KD,KR,기타서비스,
038340,UCI,KD,KR,교육,
038390,레드캡투어,KD,KR,기타서비스,
038460,바이오스마트,KD,KR,전자장비와기기,
038500,삼표시멘트,KD,KR,건축자재,
038530,골드퍼시픽,KD,KR,섬유의류,
038540,상상인,KD,KR,IT서비스,
038620,위즈코프,KD,KR,유통,
038680,에스넷,KD,KR,통신장비,
038870,에코바이오,KD,KR,기타서비스,
038880,아이에이,KD,KR,전자부품제조업,
038950,파인디지털,KD,KR,전자부품제조업,
039010,현대통신,KD,KR,통신장비,
039020,이건홀딩스,KD,KR,건축제품,
039030,이오테크닉스,KD,KR,반도체,
039130,하나투어,KP,KR,레저,
039200,오스코텍,KD,KR,제약바이오,
039230,에이아이비트,KD,KR,디스플레이장비및부품,
039240,경남스틸,KD,KR,철강과금속,
039290,인포뱅크,KD,KR,IT서비스,
039310,세중,KD,KR,레저,
039340,한국경제TV,KD,KR,오락과문화,
039420,케이엘넷,KD,KR,IT서비스,
039440,에스티아이,KD,KR,반도체,
039490,키움증권,KP,KR,증권,
039560,다산네트웍스,KD,KR,통신장비,
039570,HDC아이콘트롤스,KP,KR,건설,
039610,화성밸브,KD,KR,기계와장비,
039670,한류타임즈,KD,KR,,
039740,한국정보공학,KD,KR,유통,
039830,오로라,KD,KR,기타서비스,
039840,디오,KD,KR,의료정밀기기,
039860,나노엔텍,KD,KR,의료정밀기기,
039980,리노스,KD,KR,섬유의류,
040160,누리텔레콤,KD,KR,소프트웨어,
040300,YTN,KD,KR,오락과문화,
040350,큐로컴,KD,KR,IT서비스,
040420,정상제이엘에스,KD,KR,교육,
040610,SG&G,KD,KR,자동차부품,
040910,아이씨디,KD,KR,디스플레이장비및부품,
041020,인프라웨어,KD,KR,소프트웨어,
041140,넥슨지티,KD,KR,게임엔터테인먼트,
041190,우리기술투자,KD,KR,금융,
041440,에버다임,KD,KR,기계와장비,
041460,한국전자인증,KD,KR,IT서비스,
041510,에스엠,KD,KR,오락과문화,
041520,이라이콤,KD,KR,핸드셋,
041590,젬백스지오,KD,KR,,
041650,상신브레이크,KP,KR,자동차부품,
041830,인바디,KD,KR,의료정밀기기,
041910,에스텍파마,KD,KR,제약바이오,
041920,메디아나,KD,KR,의료정밀기기,
041930,동아화성,KD,KR,자동차부품,
041960,코미팜,KD,KR,제약바이오,
042000,카페24,KD,KR,IT서비스,
042040,케이피엠테크,KD,KR,화학,
042110,에스씨디,KD,KR,전자부품제조업,
042370,비츠로테크,KD,KR,전기전자,
042420,네오위즈홀딩스,KD,KR,게임엔터테인먼트,
042500,링네트,KD,KR,IT서비스,
042510,라온시큐어,KD,KR,소프트웨어,
042520,한스바이오메드,KD,KR,제약바이오,
042600,새로닉스,KD,KR,디스플레이장비및부품,
042660,대우조선해양,KP,KR,조선,
042670,두산인프라코어,KP,KR,기계와장비,
042700,한미반도체,KP,KR,반도체,
042940,상지카일룸,KD,KR,건설,
043090,큐브앤컴퍼니,KD,KR,제약바이오,
043100,솔고바이오,KD,KR,의료정밀기기,
043150,바텍,KD,KR,의료정밀기기,
043200,파루,KD,KR,,
043220,에이치엘비파워,KD,KR,기계와장비,
043260,성호전자,KD,KR,전자부품제조업,
043290,케이맥,KD,KR,디스플레이장비및부품,
043340,에쎈테크,KD,KR,기계와장비,
043360,디지아이,KD,KR,컴퓨터와주변기기,
043370,평화정공,KD,KR,자동차부품,
043590,크로바하이텍,KD,KR,전자부품제조업,
043610,지니뮤직,KD,KR,오락과문화,
043650,국순당,KD,KR,주류제조업,
043710,서울리거,KD,KR,유통,
043910,자연과환경,KD,KR,기타서비스,
044060,조광ILI,KD,KR,기계와장비,
044180,KD,KD,KR,건설,
044340,위닉스,KD,KR,가정용기기,
044380,주연테크,KP,KR,컴퓨터와주변기기,
044450,KSS해운,KP,KR,해운사,
044480,경남바이오파마,KD,KR,화학,
044490,태웅,KD,KR,기계와장비,
044780,에이치케이,KD,KR,기계와장비,
044820,코스맥스비티아이,KP,KR,금융,
044960,이글벳,KD,KR,제약바이오,
045060,오공,KD,KR,화학,
045100,한양이엔지,KD,KR,기타서비스,
045300,성우테크론,KD,KR,반도체,
045340,토탈소프트,KD,KR,소프트웨어,
045390,대아티아이,KD,KR,IT서비스,
045510,정원엔시스,KD,KR,IT서비스,
045520,크린앤사이언스,KD,KR,기계와장비,
045660,에이텍,KD,KR,컴퓨터와주변기기,
045890,GV,KD,KR,디스플레이장비및부품,
045970,코아시아,KD,KR,핸드셋,
046070,코다코,KD,KR,자동차부품,
046110,한일네트웍스,KD,KR,IT서비스,
046120,오르비텍,KD,KR,기타서비스,
046140,SBS콘텐츠허브,KD,KR,오락과문화,
046210,파나진,KD,KR,의료정밀기기,
046310,백금T&A,KD,KR,전자장비와기기,
046390,삼화네트웍스,KD,KR,오락과문화,
046440,KG모빌리언스,KD,KR,IT서비스,
046890,서울반도체,KD,KR,디스플레이장비및부품,
046940,우원개발,KD,KR,건설,
046970,우리로,KD,KR,통신장비,
047040,대우건설,KP,KR,건설,
047050,포스코인터내셔널,KP,KR,유통,
047080,한빛소프트,KD,KR,게임엔터테인먼트,
047310,파워로직스,KD,KR,전자부품제조업,
047400,유니온머티리얼,KP,KR,자동차부품,
047560,이스트소프트,KD,KR,소프트웨어,
047770,코데즈컴바인,KD,KR,섬유의류,
047810,한국항공우주,KP,KR,우주항공및국방,
047820,초록뱀,KD,KR,오락과문화,
047920,에이치엘비제약,KD,KR,제약바이오,
048260,오스템임플란트,KD,KR,의료정밀기기,
048410,현대바이오,KD,KR,화장품,
048430,유라테크,KD,KR,자동차부품,
048470,대동스틸,KD,KR,철강과금속,
048530,인트론바이오,KD,KR,제약바이오,
048550,SM C&C,KD,KR,,
048770,TPC,KD,KR,기계와장비,
048830,엔피케이,KD,KR,화학,
048870,시너지이노베이션,KD,KR,의료정밀기기,
048910,대원미디어,KD,KR,유통,
049070,인탑스,KD,KR,핸드셋,
049080,기가레인,KD,KR,반도체,
049120,파인디앤씨,KD,KR,디스플레이장비및부품,
049180,셀루메드,KD,KR,제약바이오,
049430,코메론,KD,KR,기계와장비,
049470,SGA,KD,KR,소프트웨어,
049480,오픈베이스,KD,KR,IT서비스,
049520,유아이엘,KD,KR,핸드셋,
049550,잉크테크,KD,KR,컴퓨터와주변기기,
049630,재영솔루텍,KD,KR,핸드셋,
049720,고려신용정보,KD,KR,기타서비스,
049770,동원F&B,KP,KR,음식료,
049800,우진플라임,KP,KR,기계와장비,
049830,승일,KD,KR,종이와목재,
049950,미래컴퍼니,KD,KR,디스플레이장비및부품,
049960,쎌바이오텍,KD,KR,생물공학,
050090,휘닉스소재,KD,KR,디스플레이장비및부품,
050110,캠시스,KD,KR,핸드셋,
050120,라이브플렉스,KD,KR,유통,
050320,아래스,KD,KR,,
050540,한국코퍼레이션,KD,KR,기타서비스,
050760,에스폴리텍,KD,KR,화학,
050860,아세아텍,KD,KR,기계와장비,
050890,쏠리드,KD,KR,통신장비,
050960,수산아이앤티,KD,KR,IT서비스,
051160,지어소프트,KD,KR,소프트웨어,
051360,토비스,KD,KR,디스플레이장비및부품,
051370,인터플렉스,KD,KR,전자장비와기기,
051380,피씨디렉트,KD,KR,컴퓨터와주변기기,
051390,YW,KD,KR,유통,
051490,나라엠앤디,KD,KR,기계와장비,
051500,CJ프레시웨이,KD,KR,유통,
051600,한전KPS,KP,KR,전기유틸리티,
051630,진양화학,KP,KR,화학,
051780,큐로홀딩스,KD,KR,오락과문화,
051900,LG생활건강,KP,KR,화장품,
051905,LG생활건강우,KP,KR,,우선주
051910,LG화학,KP,KR,화학,
051915,LG화학우,KP,KR,,우선주
051980,센트럴바이오,KD,KR,건축자재,
052020,에스티큐브,KD,KR,전자장비와기기,
052190,이에스에이,KD,KR,오락과문화,
052220,iMBC,KD,KR,오락과문화,
052260,현대바이오랜드,KD,KR,화장품,
052300,W홀딩컴퍼니,KD,KR,건축제품,
052330,코텍,KD,KR,전자장비와기기,
052400,코나아이,KD,KR,전자장비와기기,
052420,오성첨단소재,KD,KR,디스플레이장비및부품,
052460,아이크래프트,KD,KR,통신장비,
052600,한네트,KD,KR,IT서비스,
052670,제일바이오,KD,KR,제약바이오,
052690,한전기술,KP,KR,전기유틸리티,
052710,아모텍,KD,KR,핸드셋,
052770,아이톡시,KD,KR,게임엔터테인먼트,
052790,액토즈소프트,KD,KR,게임엔터테인먼트,
052860,아이앤씨,KD,KR,통신장비,
052900,KMH하이텍,KD,KR,반도체,
053030,바이넥스,KD,KR,제약바이오,
053050,지에스이,KD,KR,가스유틸리티,
053060,세동,KD,KR,자동차부품,
053080,원방테크,KD,KR,,
053110,소리바다,KD,KR,오락과문화,
053160,프리엠스,KD,KR,기계와장비,
053210,스카이라이프,KP,KR,오락과문화,
053260,금강철강,KD,KR,철강과금속,
053270,구영테크,KD,KR,자동차부품,
053280,예스24,KD,KR,IT서비스,
053290,NE능률,KD,KR,교육,
053300,한국정보인증,KD,KR,IT서비스,
053350,이니텍,KD,KR,소프트웨어,
053450,세코닉스,KD,KR,전자장비와기기,
053580,웹케시,KD,KR,소프트웨어,
053590,한국테크놀로지,KD,KR,기계와장비,
053610,프로텍,KD,KR,반도체,
053620,태양,KD,KR,철강과금속,
053660,현진소재,KD,KR,조선,
053690,한미글로벌,KP,KR,건설,
053700,삼보모터스,KD,KR,자동차부품,
053800,안랩,KD,KR,소프트웨어,
053950,경남제약,KD,KR,제약바이오,
053980,오상자이엘,KD,KR,IT서비스,
054040,한국컴퓨터,KD,KR,디스플레이장비및부품,
054050,농우바이오,KD,KR,생물공학,
054090,삼진엘앤디,KD,KR,디스플레이장비및부품,
054180,메디콕스,KD,KR,조선,
054210,이랜텍,KD,KR,핸드셋,
054220,비츠로시스,KD,KR,IT서비스,
054300,팬스타엔터프라이즈,KD,KR,기계와장비,
054410,케이피티유,KD,KR,비철금속,
054450,텔레칩스,KD,KR,반도체,
054540,삼영엠텍,KD,KR,기계와장비,
054620,APS홀딩스,KD,KR,디스플레이장비및부품,
054630,에이디칩스,KD,KR,전자부품제조업,
054670,대한뉴팜,KD,KR,제약바이오,
054780,키이스트,KD,KR,오락과문화,
054800,아이디스홀딩스,KD,KR,전자장비와기기,
054920,한컴위드,KD,KR,소프트웨어,
054930,유신,KD,KR,기타서비스,
054940,엑사이엔씨,KD,KR,반도체,
054950,제이브이엠,KD,KR,기계와장비,
055490,테이팩스,KP,KR,화학,
055550,신한지주,KP,KR,은행,
056000,네스엠,KD,KR,게임엔터테인먼트,
056080,유진로봇,KD,KR,기계와장비,
056090,유앤아이,KD,KR,의료정밀기기,
056190,에스에프에이,KD,KR,기계와장비,
056360,코위버,KD,KR,통신장비,
056700,신화인터텍,KD,KR,디스플레이장비및부품,
056730,포스링크,KD,KR,유통,
057030,YBM넷,KD,KR,교육,
057050,현대홈쇼핑,KP,KR,유통,
057500,SKC 솔믹스,KD,KR,,
057540,옴니시스템,KD,KR,전자장비와기기,
057680,티사이언티픽,KD,KR,소프트웨어,
057880,필로시스헬스케어,KD,KR,전자부품제조업,
058110,멕아이씨에스,KD,KR,의료정밀기기,
058220,아리온,KD,KR,전자부품제조업,
058400,KNN,KD,KR,오락과문화,
058420,제이웨이,KD,KR,오락과문화,
058430,포스코강판,KP,KR,비철금속,
058450,일야,KD,KR,핸드셋,
058470,리노공업,KD,KR,반도체,
058530,슈펙스비앤피,KD,KR,유통,
058610,에스피지,KD,KR,전자부품제조업,
058630,엠게임,KD,KR,게임엔터테인먼트,
058650,세아홀딩스,KP,KR,철강과금속,
058730,다스코,KP,KR,건축제품,
058820,CMG제약,KD,KR,제약바이오,
058850,KTcs,KP,KR,기타서비스,
058860,KTis,KP,KR,기타서비스,
059090,미코,KD,KR,반도체,
059100,아이컴포넌트,KD,KR,디스플레이장비및부품,
059120,아진엑스텍,KD,KR,반도체,
059210,메타바이오메드,KD,KR,제약바이오,
060150,인선이엔티,KD,KR,기타서비스,
060230,이그잭스,KD,KR,전자장비와기기,
060240,룽투코리아,KD,KR,게임엔터테인먼트,
060250,NHN한국사이버결제,KD,KR,IT서비스,
060260,뉴보텍,KD,KR,건축제품,
060280,큐렉소,KD,KR,유통,
060300,레드로버,KD,KR,오락과문화,
060310,3S,KD,KR,기계와장비,
060370,KT서브마린,KD,KR,건설,
060380,동양에스텍,KD,KR,철강과금속,
060480,국일신동,KD,KR,비철금속,
060540,에스에이티,KD,KR,핸드셋,
060560,홈센타홀딩스,KD,KR,유통,
060570,드림어스컴퍼니,KD,KR,전자부품제조업,
060590,씨티씨바이오,KD,KR,제약바이오,
060720,KH바텍,KD,KR,핸드셋,
060850,영림원소프트랩,KD,KR,,
060900,대한그린파워,KD,KR,화학,
060980,한라홀딩스,KP,KR,금융,
061040,알에프텍,KD,KR,핸드셋,
061250,화일약품,KD,KR,제약바이오,
061970,엘비세미콘,KD,KR,반도체,
062860,티엘아이,KD,KR,디스플레이장비및부품,
062970,피피아이,KD,KR,통신장비,
063080,게임빌,KD,KR,게임엔터테인먼트,
063160,종근당바이오,KP,KR,제약바이오,
063170,서울옥션,KD,KR,유통,
063440,SM Life Design,KD,KR,오락과문화,
063570,한국전자금융,KD,KR,IT서비스,
063760,이엘피,KD,KR,디스플레이장비및부품,
064090,에프앤리퍼블릭,KD,KR,화장품,
064240,홈캐스트,KD,KR,전자부품제조업,
064260,다날,KD,KR,IT서비스,
064290,인텍플러스,KD,KR,반도체,
064350,현대로템,KP,KR,기계와장비,
064480,브리지텍,KD,KR,IT서비스,
064510,에코마이스터,KD,KR,기계와장비,
064520,바른전자,KD,KR,,
064550,바이오니아,KD,KR,제약바이오,
064760,티씨케이,KD,KR,반도체,
064800,젬백스링크,KD,KR,섬유의류,
064820,케이프,KD,KR,조선,
064850,에프앤가이드,KD,KR,,
064960,S&T모티브,KP,KR,자동차부품,
065060,지엔코,KD,KR,섬유의류,
065130,탑엔지니어링,KD,KR,디스플레이장비및부품,
065150,MP그룹,KD,KR,레저,
065170,넥스트BT,KD,KR,제약바이오,
065350,신성델타테크,KD,KR,가정용기기,
065370,위세아이텍,KD,KR,,
065420,에스아이리소스,KD,KR,,
065440,이루온,KD,KR,IT서비스,
065450,빅텍,KD,KR,우주항공및국방,
065500,오리엔트정공,KD,KR,자동차부품,
065510,휴비츠,KD,KR,의료정밀기기,
065530,전파기지국,KD,KR,,
065560,녹원씨엔아이,KD,KR,유통,
065570,삼영이엔씨,KD,KR,조선,
065620,제낙스,KD,KR,비철금속,
065650,메디프론,KD,KR,컴퓨터와주변기기,
065660,안트로젠,KD,KR,제약바이오,
065680,우주일렉트로,KD,KR,핸드셋,
065690,파커스,KD,KR,컴퓨터와주변기기,
065710,서호전기,KD,KR,전기전자,
065770,CS,KD,KR,통신장비,
065950,웰크론,KD,KR,건설,
066110,한프,KD,KR,컴퓨터와주변기기,
066130,하츠,KD,KR,가정용기기,
066310,큐에스아이,KD,KR,반도체,
066360,체리부로,KD,KR,음식료,
066410,버킷스튜디오,KD,KR,IT서비스,
066430,와이오엠,KD,KR,유통,
066570,LG전자,KP,KR,전자부품제조업,
066575,LG전자우,KP,KR,,우선주
066590,우수AMS,KD,KR,자동차부품,
066620,국보디자인,KD,KR,건설,
066670,디스플레이텍,KD,KR,핸드셋,
066700,테라젠이텍스,KD,KR,제약바이오,
066790,씨씨에스,KD,KR,,
066900,디에이피,KD,KR,전자장비와기기,
066910,손오공,KD,KR,유통,
066970,엘앤에프,KD,KR,전자부품제조업,
066980,브레인콘텐츠,KD,KR,IT서비스,
067000,조이시티,KD,KR,게임엔터테인먼트,
067010,이씨에스,KD,KR,IT서비스,
067080,대화제약,KD,KR,제약바이오,
067160,아프리카TV,KD,KR,소프트웨어,
067170,오텍,KD,KR,가정용기기,
067280,멀티캠퍼스,KD,KR,교육,
067290,JW신약,KD,KR,제약바이오,
067310,하나마이크론,KD,KR,반도체,
067390,아스트,KD,KR,우주항공및국방,
067570,엔브이에이치코리아,KD,KR,자동차부품,
067630,에이치엘비생명과학,KD,KR,제약바이오,
067730,로지시스,KD,KR,IT서비스,
067770,세진티에스,KD,KR,디스플레이장비및부품,
067830,세이브존I&C,KP,KR,소매유통업,
067900,와이엔텍,KD,KR,기타서비스,
067920,이글루시큐리티,KD,KR,IT서비스,
067990,도이치모터스,KD,KR,유통,
068050,팬엔터테인먼트,KD,KR,오락과문화,
068240,다원시스,KD,KR,전자장비와기기,
068270,셀트리온,KP,KR,제약바이오,
068290,삼성출판사,KP,KR,문구류,
068330,일신바이오,KD,KR,기계와장비,
068400,SK렌터카,KP,KR,운송업,
068760,셀트리온제약,KD,KR,제약바이오,
068790,DMS,KD,KR,디스플레이장비및부품,
068930,디지털대성,KD,KR,교육,
068940,아이씨케이,KD,KR,전자장비와기기,
069080,웹젠,KD,KR,게임엔터테인먼트,
069110,코스온,KD,KR,화장품,
069140,누리플랜,KD,KR,기타서비스,
069260,휴켐스,KP,KR,화학,
069330,유아이디,KD,KR,디스플레이장비및부품,
069410,엔텔스,KD,KR,IT서비스,
069460,대호에이엘,KP,KR,비철금속,
069510,에스텍,KD,KR,전자장비와기기,
069540,라이트론,KD,KR,통신장비,
069620,대웅제약,KP,KR,제약바이오,
069640,한세엠케이,KP,KR,섬유의류,
069730,DSR제강,KP,KR,철강과금속,
069920,아이에스이커머스,KD,KR,유통,
069960,현대백화점,KP,KR,소매유통업,
070300,엑스큐어,KD,KR,소프트웨어,
070590,한솔인티큐브,KD,KR,IT서비스,
070960,용평리조트,KP,KR,레저,
071050,한국금융지주,KP,KR,금융,
071055,한국금융지주우,KP,KR,,우선주
071090,하이스틸,KP,KR,철강과금속,
071200,인피니트헬스케어,KD,KR,소프트웨어,
071280,로체시스템즈,KD,KR,디스플레이장비및부품,
071320,지역난방공사,KP,KR,가스유틸리티,
071460,위니아딤채,KD,KR,가정용기기,
071670,에이테크솔루션,KD,KR,기계와장비,
071840,롯데하이마트,KP,KR,유통,
071850,캐스텍코리아,KD,KR,자동차부품,
071950,코아스,KP,KR,가구제조업,
071970,STX중공업,KP,KR,기계와장비,
072020,중앙백신,KD,KR,제약바이오,
072130,유엔젤,KP,KR,IT서비스,
072470,우리산업홀딩스,KD,KR,자동차부품,
072520,제넨바이오,KD,KR,기타서비스,
072710,농심홀딩스,KP,KR,음식료,
072770,율호,KD,KR,IT서비스,
072870,메가스터디,KD,KR,교육,
072950,빛샘전자,KD,KR,통신장비,
072990,에이치시티,KD,KR,전자장비와기기,
073010,케이에스피,KD,KR,기계와장비,
073070,에이팸,KD,KR,자동차부품,
073110,엘엠에스,KD,KR,디스플레이장비및부품,
073190,듀오백,KD,KR,가구제조업,
073240,금호타이어,KP,KR,자동차부품,
073490,이노와이어리스,KD,KR,통신장비,
073540,에프알텍,KD,KR,통신장비,
073560,우리손에프앤지,KD,KR,음식료,
073570,WI,KD,KR,반도체,
073640,테라사이언스,KD,KR,기계와장비,
074430,아미노로직스,KD,KR,제약바이오,
074600,원익QnC,KD,KR,반도체,
074610,이엔플러스,KP,KR,기계와장비,
075130,플랜티넷,KD,KR,IT서비스,
075180,새론오토모티브,KP,KR,자동차부품,
075580,세진중공업,KP,KR,조선,
075970,동국알앤에스,KD,KR,비철금속,
076080,웰크론한텍,KD,KR,기계와장비,
076610,해성옵틱스,KD,KR,핸드셋,
077360,덕산하이메탈,KD,KR,반도체,
077500,유니퀘스트,KP,KR,반도체,
077970,STX엔진,KP,KR,조선,
078000,텔코웨어,KP,KR,IT서비스,
078020,이베스트투자증권,KD,KR,증권,
078070,유비쿼스홀딩스,KD,KR,통신장비,
078130,국일제지,KD,KR,종이와목재,
078140,대봉엘에스,KD,KR,제약바이오,
078150,HB테크놀러지,KD,KR,디스플레이장비및부품,
078160,메디포스트,KD,KR,생물공학,
078340,컴투스,KD,KR,게임엔터테인먼트,
078350,한양디지텍,KD,KR,반도체,
078520,에이블씨엔씨,KP,KR,화장품,
078590,OQP,KD,KR,자동차부품,
078600,대주전자재료,KD,KR,전자장비와기기,
078650,코렌,KD,KR,전자장비와기기,
078860,아이오케이,KD,KR,오락과문화,
078890,가온미디어,KD,KR,전자부품제조업,
078930,GS,KP,KR,금융,
078935,GS우,KP,KR,,우선주
078940,코드네이처,KD,KR,,
079000,와토스코리아,KD,KR,건축제품,
079160,CJ CGV,KP,KR,오락과문화,
079170,한창산업,KD,KR,비철금속,
079190,EMW,KD,KR,,
079370,제우스,KD,KR,기계와장비,
079430,현대리바트,KP,KR,가구제조업,
079440,오렌지라이프,KP,KR,,
079550,LIG넥스원,KP,KR,우주항공및국방,
079650,서산,KD,KR,건축자재,
079810,디이엔티,KD,KR,디스플레이장비및부품,
079940,가비아,KD,KR,IT서비스,
079950,인베니아,KD,KR,디스플레이장비및부품,
079960,동양이엔피,KD,KR,전자부품제조업,
079970,투비소프트,KD,KR,소프트웨어,
079980,휴비스,KP,KR,섬유의류,
080000,에스엔유,KD,KR,디스플레이장비및부품,
080010,이상네트웍스,KD,KR,IT서비스,
080160,모두투어,KD,KR,레저,
080220,제주반도체,KD,KR,반도체,
080420,모다이노칩,KD,KR,전자장비와기기,
080440,에스제이케이,KD,KR,유통,
080470,성창오토텍,KD,KR,자동차부품,
080520,오디텍,KD,KR,반도체,
080530,코디,KD,KR,화장품,
080580,오킨스전자,KD,KR,반도체,
080720,한국유니온제약,KD,KR,제약바이오,
081000,일진다이아,KP,KR,비철금속,
081150,티플랙스,KD,KR,비철금속,
081580,성우전자,KD,KR,핸드셋,
081660,휠라홀딩스,KP,KR,섬유의류,
082210,옵트론텍,KD,KR,전자장비와기기,
082270,젬백스,KD,KR,기계와장비,
082640,동양생명,KP,KR,보험,
082660,코스나인,KD,KR,핸드셋,
082740,HSD엔진,KP,KR,조선,
082800,비보존 헬스케어,KD,KR,디스플레이장비및부품,
082850,우리바이오,KD,KR,디스플레이장비및부품,
082920,비츠로셀,KD,KR,전자부품제조업,
083310,엘오티베큠,KD,KR,반도체,
083370,동북아12호,KP,KR,,
083380,동북아13호,KP,KR,,
083420,그린케미칼,KP,KR,화학,
083450,GST,KD,KR,반도체,
083470,이엠앤아이,KD,KR,핸드셋,
083500,에프엔에스테크,KD,KR,디스플레이장비및부품,
083550,케이엠,KD,KR,반도체,
083640,인콘,KD,KR,전자장비와기기,
083650,비에이치아이,KD,KR,기계와장비,
083660,CSA 코스믹,KD,KR,화장품,
083790,크리스탈지노믹스,KD,KR,제약바이오,
083930,아바코,KD,KR,디스플레이장비및부품,
084010,대한제강,KP,KR,철강과금속,
084110,휴온스글로벌,KD,KR,제약바이오,
084180,수성,KD,KR,기계와장비,
084370,유진테크,KD,KR,반도체,
084650,랩지노믹스,KD,KR,제약바이오,
084670,동양고속,KP,KR,운송업,
084680,이월드,KP,KR,레저,
084690,대상홀딩스,KP,KR,음식료,
084695,대상홀딩스우,KP,KR,,우선주
084730,팅크웨어,KD,KR,전자부품제조업,
084850,아이티엠반도체,KD,KR,전자장비와기기,
084870,TBH글로벌,KP,KR,섬유의류,
084990,헬릭스미스,KD,KR,제약바이오,
085310,엔케이,KP,KR,기계와장비,
085370,루트로닉,KD,KR,의료정밀기기,
08537M,루트로닉3우C,KD,KR,,
085620,미래에셋생명,KP,KR,보험,
085660,차바이오텍,KD,KR,생물공학,
085670,뉴프렉스,KD,KR,전자장비와기기,
085810,알티캐스트,KD,KR,소프트웨어,
085910,네오티스,KD,KR,자동차부품,
086040,바이오톡스텍,KD,KR,제약바이오,
086060,진바이오텍,KD,KR,제약바이오,
086250,이노와이즈,KD,KR,기계와장비,
086280,현대글로비스,KP,KR,화물운송과물류,
086390,유니테스트,KD,KR,반도체,
086450,동국제약,KD,KR,제약바이오,
086520,에코프로,KD,KR,화학,
086670,비엠티,KD,KR,기계와장비,
086790,하나금융지주,KP,KR,은행,
086820,바이오솔루션,KD,KR,생물공학,
086890,이수앱지스,KD,KR,제약바이오,
086900,메디톡스,KD,KR,생물공학,
086960,한컴MDS,KD,KR,소프트웨어,
086980,쇼박스,KD,KR,오락과문화,
087010,펩트론,KD,KR,생물공학,
087260,모바일어플라이언스,KD,KR,전자부품제조업,
087600,픽셀플러스,KD,KR,반도체,
087730,이엠네트웍스,KD,KR,반도체,
088130,동아엘텍,KD,KR,디스플레이장비및부품,
088260,이리츠코크렙,KP,KR,기타서비스,
088290,이원컴포텍,KD,KR,자동차부품,
088350,한화생명,KP,KR,보험,
088390,이녹스,KD,KR,,
088790,진도,KP,KR,유통,
088800,에이스테크,KD,KR,통신장비,
088910,동우팜투테이블,KD,KR,음식료,
088980,맥쿼리인프라,KP,KR,금융,
089010,켐트로닉스,KD,KR,화학,
089030,테크윙,KD,KR,반도체,
089140,넥스턴,KD,KR,기계와장비,
089150,케이씨티,KD,KR,컴퓨터와주변기기,
089230,THE E&M,KD,KR,IT서비스,
089470,HDC현대EP,KP,KR,자동차부품,
089530,에이티세미콘,KD,KR,반도체,
089590,제주항공,KP,KR,항공사,
089600,나스미디어,KD,KR,기타서비스,
089790,제이티,KD,KR,반도체,
089850,유비벨록스,KD,KR,통신장비,
089890,코세스,KD,KR,반도체,
089970,에이피티씨,KD,KR,기계와장비,
089980,상아프론테크,KD,KR,전자부품제조업,
090080,평화산업,KP,KR,자동차부품,
090150,광진윈텍,KD,KR,자동차부품,
090350,노루페인트,KP,KR,건축자재,
090355,노루페인트우,KP,KR,,우선주
090360,로보스타,KD,KR,기계와장비,
090370,메타랩스,KP,KR,섬유의류,
090410,덕신하우징,KD,KR,건축제품,
090430,아모레퍼시픽,KP,KR,화장품,
090435,아모레퍼시픽우,KP,KR,,우선주
090460,비에이치,KD,KR,전자장비와기기,
090470,제이스텍,KD,KR,디스플레이장비및부품,
090710,휴림로봇,KD,KR,기계와장비,
090740,아이엠이연이,KD,KR,디스플레이장비및부품,
090850,이지웰,KD,KR,기타서비스,
091090,세원셀론텍,KP,KR,기계와장비,
091120,이엠텍,KD,KR,핸드셋,
091340,S&K폴리텍,KD,KR,전자장비와기기,
091440,텔레필드,KD,KR,통신장비,
091580,상신이디피,KD,KR,핸드셋,
091590,남화토건,KD,KR,건설,
091700,파트론,KD,KR,핸드셋,
091810,티웨이항공,KP,KR,항공사,
091970,나노캠텍,KD,KR,화학,
091990,셀트리온헬스케어,KD,KR,제약바이오,
092040,아미코젠,KD,KR,음식료,
092070,디엔에프,KD,KR,반도체,
092130,이크레더블,KD,KR,기타서비스,
092190,서울바이오시스,KD,KR,,
092200,디아이씨,KP,KR,자동차부품,
092220,KEC,KP,KR,반도체,
092230,KPX홀딩스,KP,KR,화학,
092300,현우산업,KD,KR,전자장비와기기,
092440,기신정기,KP,KR,기계와장비,
092460,한라IMS,KD,KR,조선,
092600,앤씨앤,KD,KR,반도체,
092730,네오팜,KD,KR,화장품,
092780,동양피스톤,KP,KR,자동차부품,
092870,엑시콘,KD,KR,반도체,
093050,LF,KP,KR,섬유의류,
093190,빅솔론,KD,KR,컴퓨터와주변기기,
093230,이아이디,KP,KR,유통,
093240,형지엘리트,KP,KR,섬유의류,
093320,케이아이엔엑스,KD,KR,IT서비스,
093370,후성,KP,KR,화학,
093380,풍강,KD,KR,자동차부품,
093520,매커스,KD,KR,전자장비와기기,
093640,다믈멀티미디어,KD,KR,반도체,
093920,서원인텍,KD,KR,핸드셋,
094170,동운아나텍,KD,KR,핸드셋,
094280,효성ITX,KP,KR,기타서비스,
094360,칩스앤미디어,KD,KR,반도체,
094480,갤럭시아머니트리,KD,KR,IT서비스,
094800,맵스리얼티1,KP,KR,금융,
094820,일진파워,KD,KR,건설,
094840,슈프리마에이치큐,KD,KR,전자장비와기기,
094850,참좋은여행,KD,KR,레저,
094860,코닉글로리,KD,KR,소프트웨어,
094940,푸른기술,KD,KR,컴퓨터와주변기기,
094970,제이엠티,KD,KR,디스플레이장비및부품,
095190,이엠코리아,KD,KR,기계와장비,
095270,웨이브일렉트로,KD,KR,통신장비,
095340,ISC,KD,KR,반도체,
095500,미래나노텍,KD,KR,디스플레이장비및부품,
095570,AJ네트웍스,KP,KR,운송업,
095610,테스,KD,KR,반도체,
095660,네오위즈,KD,KR,게임엔터테인먼트,
095700,제넥신,KD,KR,제약바이오,
095720,웅진씽크빅,KP,KR,교육,
095910,에스에너지,KD,KR,,
096040,이트론,KD,KR,전자장비와기기,
096240,청담러닝,KD,KR,교육,
096300,베트남개발1,KP,KR,금융,
096350,대창솔루션,KD,KR,,
096530,씨젠,KD,KR,제약바이오,
096610,알에프세미,KD,KR,핸드셋,
096630,에스코넥,KD,KR,핸드셋,
096640,멜파스,KD,KR,핸드셋,
096690,에이루트,KD,KR,컴퓨터와주변기기,
096760,JW홀딩스,KP,KR,금융,
096770,SK이노베이션,KP,KR,화학,
096775,SK이노베이션우,KP,KR,,우선주
096870,엘디티,KD,KR,디스플레이장비및부품,
097230,한진중공업,KP,KR,조선,
097520,엠씨넥스,KD,KR,핸드셋,
097750,TREX 중소형가치,KP,KR,,
097780,에스맥,KD,KR,핸드셋,
097800,윈팩,KD,KR,반도체,
097870,효성오앤비,KD,KR,화학,
097950,CJ제일제당,KP,KR,음식료,
097955,CJ제일제당 우,KP,KR,,
098120,마이크로컨텍솔,KD,KR,반도체,
098460,고영,KD,KR,기계와장비,
098660,에스티오,KD,KR,섬유의류,
099190,아이센스,KD,KR,의료정밀기기,
099220,SDN,KD,KR,유통,
099320,쎄트렉아이,KD,KR,우주항공및국방,
099340,하나니켈1호,KP,KR,,
099350,하나니켈2호,KP,KR,,
099410,동방선기,KD,KR,조선,
099440,스맥,KD,KR,기계와장비,
099520,ITX-AI,KD,KR,전자장비와기기,
099750,이지케어텍,KD,KR,IT서비스,
100030,모바일리더,KD,KR,소프트웨어,
100090,삼강엠앤티,KD,KR,조선,
100120,뷰웍스,KD,KR,의료정밀기기,
100130,동국S&C,KD,KR,기계와장비,
100220,비상교육,KP,KR,교육,
100250,진양홀딩스,KP,KR,화학,
100590,머큐리,KD,KR,통신장비,
100660,서암기계공업,KD,KR,기계와장비,
100700,세운메디칼,KD,KR,제약바이오,
100790,미래에셋벤처투자,KD,KR,금융,
100840,S&TC,KP,KR,기계와장비,
101000,상상인인더스트리,KD,KR,기계와장비,
101060,SBS미디어홀딩스,KP,KR,오락과문화,
101140,인바이오젠,KP,KR,섬유의류,
101160,월덱스,KD,KR,반도체,
101170,우림기계,KD,KR,기계와장비,
101240,씨큐브,KD,KR,화장품,
101330,모베이스,KD,KR,핸드셋,
101360,이엔드디,KD,KR,,
101390,아이엠,KD,KR,전자장비와기기,
101400,엔시트론,KD,KR,반도체,
101490,에스앤에스텍,KD,KR,반도체,
101530,해태제과식품,KP,KR,음식료,
101670,코리아에스이,KD,KR,건설,
101680,한국정밀기계,KD,KR,기계와장비,
101730,조이맥스,KD,KR,게임엔터테인먼트,
101930,인화정공,KD,KR,조선,
102120,어보브반도체,KD,KR,반도체,
102210,해덕파워웨이,KD,KR,,
102260,동성코퍼레이션,KP,KR,화학,
102280,쌍방울,KP,KR,섬유의류,
102460,이연제약,KP,KR,제약바이오,
102710,이엔에프테크놀로지,KD,KR,화학,
102940,코오롱생명과학,KD,KR,제약바이오,
103140,풍산,KP,KR,비철금속,
103230,에스앤더블류,KD,KR,기계와장비,
103590,일진전기,KP,KR,전기전자,
103840,우양,KD,KR,음식료,
104040,대성파인텍,KD,KR,자동차부품,
104200,NHN벅스,KD,KR,오락과문화,
104460,디와이피엔에프,KD,KR,기계와장비,
104480,티케이케미칼,KD,KR,화학,
104540,코렌텍,KD,KR,의료정밀기기,
104620,노랑풍선,KD,KR,레저,
104700,한국철강,KP,KR,철강과금속,
104830,원익머트리얼즈,KD,KR,화학,
105330,케이엔더블유,KD,KR,전자부품제조업,
105550,트루윈,KD,KR,전자부품제조업,
105560,KB금융,KP,KR,은행,
105630,한세실업,KP,KR,섬유의류,
105740,디케이락,KD,KR,기계와장비,
105840,우진,KP,KR,기계와장비,
106080,하이소닉,KD,KR,,
106190,하이텍팜,KD,KR,제약바이오,
106240,파인테크닉스,KD,KR,핸드셋,
106520,디지탈옵틱,KD,KR,전자장비와기기,
107590,미원홀딩스,KP,KR,금융,
108230,톱텍,KD,KR,디스플레이장비및부품,
108320,실리콘웍스,KD,KR,디스플레이장비및부품,
108380,대양전기공업,KD,KR,조선,
108490,로보티즈,KD,KR,교육,
108670,LG하우시스,KP,KR,건축자재,
108675,LG하우시스우,KP,KR,,우선주
108790,인터파크,KD,KR,,
108860,셀바스AI,KD,KR,소프트웨어,
109070,컨버즈,KP,KR,종이와목재,
109080,옵티시스,KD,KR,통신장비,
109610,에스와이,KD,KR,건축자재,
109740,디에스케이,KD,KR,디스플레이장비및부품,
109820,진매트릭스,KD,KR,제약바이오,
109860,동일금속,KD,KR,기계와장비,
109960,에이프로젠 H&G,KD,KR,제약바이오,
110020,전진바이오팜,KD,KR,화학,
110790,크리스에프앤씨,KD,KR,섬유의류,
110990,디아이티,KD,KR,디스플레이장비및부품,
111110,호전실업,KP,KR,섬유의류,
111710,남화산업,KD,KR,레저,
111770,영원무역,KP,KR,섬유의류,
111820,지와이커머스,KD,KR,,
111870,삼본전자,KD,KR,전자부품제조업,
112040,위메이드,KD,KR,게임엔터테인먼트,
112610,씨에스윈드,KP,KR,기계와장비,
113810,디젠스,KD,KR,자동차부품,
114090,GKL,KP,KR,레저,
114120,크루셜텍,KD,KR,핸드셋,
114190,강원,KD,KR,기계와장비,
114450,KPX생명과학,KD,KR,제약바이오,
114570,지스마트글로벌,KD,KR,디스플레이장비및부품,
114630,우노앤컴퍼니,KD,KR,섬유의류,
114810,아이원스,KD,KR,반도체,
115160,휴맥스,KD,KR,전자부품제조업,
115180,큐리언트,KD,KR,제약바이오,
115310,인포바인,KD,KR,IT서비스,
115390,락앤락,KP,KR,종이와목재,
115440,우리넷,KD,KR,통신장비,
115450,지트리비앤티,KD,KR,제약바이오,
115480,씨유메디칼,KD,KR,의료정밀기기,
115500,케이씨에스,KD,KR,IT서비스,
115530,씨엔플러스,KD,KR,,
115570,스타플렉스,KD,KR,화학,
115610,이미지스,KD,KR,핸드셋,
115960,연우,KD,KR,종이와목재,
117580,대성에너지,KP,KR,가스유틸리티,
117670,알파홀딩스,KD,KR,반도체,
117730,티로보틱스,KD,KR,디스플레이장비및부품,
118000,우리들휴브레인,KP,KR,IT서비스,
118990,모트렉스,KD,KR,자동차부품,
119500,포메탈,KD,KR,기계와장비,
119610,인터로조,KD,KR,의료정밀기기,
119650,KC코트렐,KP,KR,기계와장비,
119830,아이텍,KD,KR,반도체,
119850,지엔씨에너지,KD,KR,전기전자,
119860,다나와,KD,KR,소프트웨어,
120030,조선선재,KP,KR,기계와장비,
120110,코오롱인더,KP,KR,화학,
120115,코오롱인더우,KP,KR,,우선주
120240,대정화금,KD,KR,화학,
121440,골프존뉴딘홀딩스,KD,KR,게임엔터테인먼트,
121600,나노신소재,KD,KR,화학,
121800,비덴트,KD,KR,전자장비와기기,
121850,코이즈,KD,KR,디스플레이장비및부품,
121890,에스디시스템,KD,KR,전자장비와기기,
122310,제노레이,KD,KR,의료정밀기기,
122350,삼기,KD,KR,자동차부품,
122450,KMH,KD,KR,오락과문화,
122640,예스티,KD,KR,반도체,
122690,서진오토모티브,KD,KR,자동차부품,
122870,와이지엔터테인먼트,KD,KR,오락과문화,
122900,아이마켓코리아,KP,KR,기타서비스,
122990,와이솔,KD,KR,핸드셋,
123010,아이에이네트웍스,KD,KR,반도체,
123040,엠에스오토텍,KD,KR,자동차부품,
123330,제닉,KD,KR,화장품,
123410,코리아에프티,KD,KR,자동차부품,
123420,선데이토즈,KD,KR,게임엔터테인먼트,
123570,이엠넷,KD,KR,기타서비스,
123690,한국화장품,KP,KR,화장품,
123700,SJM,KP,KR,자동차부품,
123750,알톤스포츠,KD,KR,,
123840,한일진공,KD,KR,기계와장비,
123860,아나패스,KD,KR,디스플레이장비및부품,
123890,한국자산신탁,KP,KR,금융,
124500,아이티센,KD,KR,IT서비스,
124560,태웅로직스,KD,KR,해운사,
125210,아모그린텍,KD,KR,전자장비와기기,
126340,비나텍,KD,KR,,
126560,현대퓨처넷,KP,KR,오락과문화,
126600,코프라,KD,KR,자동차부품,
126640,화신정공,KD,KR,자동차부품,
126700,하이비젼시스템,KD,KR,전자장비와기기,
126870,뉴로스,KD,KR,기계와장비,
126880,제이엔케이히터,KD,KR,기계와장비,
127120,디엔에이링크,KD,KR,제약바이오,
127160,매직마이크로,KD,KR,디스플레이장비및부품,
127710,아시아경제,KD,KR,IT서비스,
128540,에코캡,KD,KR,자동차부품,
128660,피제이메탈,KD,KR,비철금속,
128820,대성산업,KP,KR,유통,
128940,한미약품,KP,KR,제약바이오,
129260,인터지스,KP,KR,화물운송과물류,
129890,앱코,KD,KR,,
130500,GH신소재,KD,KR,자동차부품,
130580,나이스디앤비,KD,KR,기타서비스,
130660,한전산업,KP,KR,전기유틸리티,
130740,티피씨글로벌,KD,KR,자동차부품,
131030,디에이치피코리아,KD,KR,제약바이오,
131090,시큐브,KD,KR,소프트웨어,
131100,스카이이앤엠,KD,KR,유통,
131180,딜리,KD,KR,컴퓨터와주변기기,
131220,대한과학,KD,KR,유통,
131290,티에스이,KD,KR,반도체,
131370,알서포트,KD,KR,소프트웨어,
131390,피앤이솔루션,KD,KR,전자부품제조업,
131400,액트,KD,KR,전자장비와기기,
131760,파인텍,KD,KR,디스플레이장비및부품,
131970,테스나,KD,KR,반도체,
133750,메가엠디,KD,KR,교육,
133820,화인베스틸,KP,KR,철강과금속,
134060,이퓨쳐,KD,KR,교육,
134380,미원화학,KP,KR,화학,
134580,디엠티,KD,KR,전자부품제조업,
134790,시디즈,KP,KR,가구제조업,
136480,하림,KD,KR,음식료,
136490,선진,KP,KR,음식료,
136510,쎄미시스코,KD,KR,디스플레이장비및부품,
136540,윈스,KD,KR,IT서비스,
137400,피엔티,KD,KR,기계와장비,
137940,넥스트아이,KD,KR,디스플레이장비및부품,
137950,제이씨케미칼,KD,KR,화학,
138040,메리츠금융지주,KP,KR,보험,
138070,신진에스엠,KD,KR,기계와장비,
138080,오이솔루션,KD,KR,통신장비,
138250,엔에스쇼핑,KP,KR,유통,
138360,에이씨티,KD,KR,화장품,
138490,코오롱플라스틱,KP,KR,화학,
138580,비즈니스온,KD,KR,소프트웨어,
138610,나이벡,KD,KR,제약바이오,
138690,엘아이에스,KD,KR,디스플레이장비및부품,
138930,BNK금융지주,KP,KR,은행,
139050,데일리블록체인,KD,KR,IT서비스,
139130,DGB금융지주,KP,KR,은행,
139480,이마트,KP,KR,소매유통업,
139670,키네마스터,KD,KR,소프트웨어,
140070,서플러스글로벌,KD,KR,반도체,
140410,메지온,KD,KR,제약바이오,
140520,대창스틸,KD,KR,철강과금속,
140670,알에스오토메이션,KD,KR,전자부품제조업,
140860,파크시스템스,KD,KR,전자장비와기기,
140910,에이리츠,KP,KR,부동산,
141000,비아트론,KD,KR,디스플레이장비및부품,
141020,포티스,KD,KR,유통,
141070,맥스로텍,KD,KR,기계와장비,
141080,레고켐바이오,KD,KR,제약바이오,
142210,유니트론텍,KD,KR,반도체,
142280,녹십자엠에스,KD,KR,제약바이오,
142760,바이오리더스,KD,KR,제약바이오,
143160,아이디스,KD,KR,전자장비와기기,
143210,핸즈코퍼레이션,KP,KR,자동차부품,
143240,사람인에이치알,KD,KR,기타서비스,
143540,영우디에스피,KD,KR,디스플레이장비및부품,
144510,녹십자랩셀,KD,KR,기타서비스,
144620,코오롱머티리얼,KP,KR,섬유의류,
144960,뉴파워프라즈마,KD,KR,기계와장비,
145020,휴젤,KD,KR,생물공학,
145210,세화아이엠씨,KP,KR,자동차부품,
145270,케이탑리츠,KP,KR,부동산,
145720,덴티움,KP,KR,의료정밀기기,
145990,삼양사,KP,KR,음식료,
145995,삼양사우,KP,KR,,우선주
147760,마이크로프랜드,KD,KR,반도체,
147830,제룡산업,KD,KR,전기전자,
148140,비디아이,KD,KR,기계와장비,
148150,세경하이테크,KD,KR,전자부품제조업,
148250,알엔투테크놀로지,KD,KR,통신장비,
149950,아바텍,KD,KR,디스플레이장비및부품,
149980,하이로닉,KD,KR,의료정밀기기,
150840,인트로메딕,KD,KR,의료정밀기기,
150900,파수,KD,KR,소프트웨어,
151860,KG ETS,KD,KR,기타서비스,
151910,나노스,KD,KR,핸드셋,
152330,코리아오토글라스,KP,KR,,
152550,한국ANKOR유전,KP,KR,금융,
153360,하이골드3호,KP,KR,운송업,
153460,네이블,KD,KR,소프트웨어,
153490,우리이앤엘,KD,KR,디스플레이장비및부품,
153710,옵티팜,KD,KR,제약바이오,
154030,아시아종묘,KD,KR,생물공학,
154040,솔루에타,KD,KR,전자부품제조업,
155650,와이엠씨,KD,KR,디스플레이장비및부품,
155660,DSR,KP,KR,비철금속,
155900,바다로19호,KP,KR,운송업,
156100,엘앤케이바이오,KD,KR,의료정밀기기,
158310,스타모빌리티,KD,KR,기계와장비,
158430,아톤,KD,KR,소프트웨어,
159580,제로투세븐,KD,KR,섬유의류,
159650,하이골드8호,KP,KR,,
159910,스킨앤스킨,KD,KR,화장품,
160550,NEW,KD,KR,오락과문화,
160600,이큐셀,KD,KR,디스플레이장비및부품,
160980,싸이맥스,KD,KR,반도체,
161000,애경유화,KP,KR,화학,
161390,한국타이어앤테크놀로지,KP,KR,자동차부품,
161570,THE MIDONG,KD,KR,자동차부품,
161580,필옵틱스,KD,KR,디스플레이장비및부품,
161890,한국콜마,KP,KR,화장품,
163560,동일고무벨트,KP,KR,자동차부품,
164060,이루다,KD,KR,,
166090,하나머티리얼즈,KD,KR,반도체,
166480,코아스템,KD,KR,제약바이오,
168330,내츄럴엔도텍,KD,KR,제약바이오,
168490,한국패러랠,KP,KR,금융,
169330,엠브레인,KD,KR,,
170030,현대공업,KD,KR,자동차부품,
170790,파이오링크,KD,KR,통신장비,
170900,동아에스티,KP,KR,제약바이오,
170920,엘티씨,KD,KR,디스플레이장비및부품,
171010,램테크놀러지,KD,KR,반도체,
171090,선익시스템,KD,KR,디스플레이장비및부품,
171120,라이온켐텍,KD,KR,건축자재,
172580,하이골드12호,KP,KR,운송업,
173130,오파스넷,KD,KR,IT서비스,
173940,에프엔씨엔터,KD,KR,오락과문화,
174880,장원테크,KD,KR,핸드셋,
174900,앱클론,KD,KR,제약바이오,
175140,인포마크,KD,KR,핸드셋,
175250,아이큐어,KD,KR,화장품,
175330,JB금융지주,KP,KR,은행,
176440,에이치엔티,KD,KR,핸드셋,
177350,베셀,KD,KR,디스플레이장비및부품,
177830,파버나인,KD,KR,전자부품제조업,
178320,서진시스템,KD,KR,통신장비,
178780,유테크,KD,KR,핸드셋,
178920,PI첨단소재,KD,KR,화학,
179290,엠아이텍,KD,KR,의료정밀기기,
179900,유티아이,KD,KR,핸드셋,
180400,캔서롭,KD,KR,기타서비스,
180640,한진칼,KP,KR,항공사,
18064K,한진칼우,KP,KR,,우선주
181340,이즈미디어,KD,KR,전자장비와기기,
181710,NHN,KP,KR,게임엔터테인먼트,
182360,큐브엔터,KD,KR,오락과문화,
182400,엔케이맥스,KD,KR,제약바이오,
182690,테라셈,KD,KR,반도체,
183190,아세아시멘트,KP,KR,건축자재,
183300,코미코,KD,KR,반도체,
183490,엔지켐생명과학,KD,KR,제약바이오,
184230,SGA솔루션즈,KD,KR,소프트웨어,
185490,아이진,KD,KR,제약바이오,
185750,종근당,KP,KR,제약바이오,
186230,그린플러스,KD,KR,비철금속,
187220,디티앤씨,KD,KR,전자장비와기기,
187270,신화콘텍,KD,KR,전자부품제조업,
187420,제노포커스,KD,KR,생물공학,
187790,나노,KD,KR,화학,
187870,디바이스이엔지,KD,KR,디스플레이장비및부품,
189300,인텔리안테크,KD,KR,통신장비,
189690,포시에스,KD,KR,소프트웨어,
189860,서전기전,KD,KR,전기전자,
189980,흥국에프엔비,KD,KR,음식료,
190510,나무가,KD,KR,핸드셋,
190650,코리아에셋투자증권,KD,KR,증권,
191410,육일씨엔에쓰,KD,KR,핸드셋,
191420,테고사이언스,KD,KR,생물공학,
192080,더블유게임즈,KP,KR,게임엔터테인먼트,
192250,케이사인,KD,KR,소프트웨어,
192390,윈하이텍,KD,KR,건축제품,
192400,쿠쿠홀딩스,KP,KR,금융,
192410,감마누,KD,KR,통신장비,
192440,슈피겐코리아,KD,KR,핸드셋,
192650,드림텍,KP,KR,전자부품제조업,
192820,코스맥스,KP,KR,화장품,
193250,와이제이엠게임즈,KD,KR,핸드셋,
194370,제이에스코퍼레이션,KP,KR,섬유의류,
194480,데브시스터즈,KD,KR,게임엔터테인먼트,
194700,노바렉스,KD,KR,제약바이오,
195440,퓨전,KD,KR,소프트웨어,
195500,마니커에프앤지,KD,KR,음식료,
195870,해성디에스,KP,KR,전자부품제조업,
195990,에이비프로바이오,KD,KR,기계와장비,
196170,알테오젠,KD,KR,제약바이오,
196300,애니젠,KD,KR,생물공학,
196450,디오스텍,KD,KR,전자장비와기기,
196490,디에이테크놀로지,KD,KR,기계와장비,
196700,웹스,KD,KR,화학,
197140,디지캡,KD,KR,소프트웨어,
198080,엔피디,KD,KR,,
198440,고려시멘트,KD,KR,건축자재,
199820,제일전기공업,KD,KR,,
200130,콜마비앤에이치,KD,KR,화장품,
200230,텔콘RF제약,KD,KR,통신장비,
200470,에이팩트,KD,KR,반도체,
200670,휴메딕스,KD,KR,제약바이오,
200710,에이디테크놀로지,KD,KR,반도체,
200780,비씨월드제약,KD,KR,제약바이오,
200880,서연이화,KP,KR,자동차부품,
201490,미투온,KD,KR,게임엔터테인먼트,
203450,유니온커뮤니티,KD,KR,전자장비와기기,
203650,드림시큐리티,KD,KR,소프트웨어,
203690,프로스테믹스,KD,KR,생물공학,
204020,그리티,KD,KR,섬유의류,
204210,모두투어리츠,KP,KR,부동산,
204270,제이앤티씨,KD,KR,,
204320,만도,KP,KR,자동차부품,
204620,글로벌텍스프리,KD,KR,,
204630,스튜디오산타클로스,KD,KR,오락과문화,
204840,지엘팜텍,KD,KR,제약바이오,
204990,코썬바이오,KD,KR,,
205100,엑셈,KD,KR,소프트웨어,
205470,휴마시스,KD,KR,,
205500,액션스퀘어,KD,KR,게임엔터테인먼트,
206400,베노홀딩스,KD,KR,게임엔터테인먼트,
206560,덱스터,KD,KR,오락과문화,
206640,바디텍메드,KD,KR,제약바이오,
206650,유바이오로직스,KD,KR,제약바이오,
207760,미스터블루,KD,KR,IT서비스,
207940,삼성바이오로직스,KP,KR,제약바이오,
208140,정다운,KD,KR,음식료,
208340,파멥신,KD,KR,제약바이오,
208350,지란지교시큐리티,KD,KR,소프트웨어,
208370,셀바스헬스케어,KD,KR,의료정밀기기,
208640,썸에이지,KD,KR,게임엔터테인먼트,
208710,바이오로그디바이스,KD,KR,핸드셋,
208860,엔지스테크널러지,KD,KR,소프트웨어,
210540,디와이파워,KP,KR,기계와장비,
210980,SK디앤디,KP,KR,부동산,
211210,마이티 코스피고배당,KP,KR,,
211270,AP위성,KD,KR,핸드셋,
212560,네오오토,KD,KR,자동차부품,
213090,미래테크놀로지,KD,KR,IT서비스,
213420,덕산네오룩스,KD,KR,디스플레이장비및부품,
213500,한솔제지,KP,KR,종이와목재,
214150,클래시스,KD,KR,의료정밀기기,
214180,민앤지,KD,KR,IT서비스,
214260,라파스,KD,KR,화장품,
214270,퓨쳐스트림네트웍스,KD,KR,소프트웨어,
214310,세미콘라이트,KD,KR,디스플레이장비및부품,
214320,이노션,KP,KR,기타서비스,
214330,금호에이치티,KP,KR,자동차부품,
214370,케어젠,KD,KR,생물공학,
214390,경보제약,KP,KR,제약바이오,
214420,토니모리,KP,KR,화장품,
214430,아이쓰리시스템,KD,KR,전자부품제조업,
214450,파마리서치프로덕트,KD,KR,제약바이오,
214610,미코바이오메드,KD,KR,,
214680,디알텍,KD,KR,의료정밀기기,
214870,뉴지랩,KD,KR,통신장비,
215000,골프존,KD,KR,게임엔터테인먼트,
215090,이디티,KD,KR,우주항공및국방,
215100,로보로보,KD,KR,교육,
215200,메가스터디교육,KD,KR,교육,
215360,우리산업,KD,KR,자동차부품,
215380,우정바이오,KD,KR,제약바이오,
215480,토박스코리아,KD,KR,섬유의류,
215600,신라젠,KD,KR,제약바이오,
215790,이노인스트루먼트,KD,KR,통신장비,
216050,인크로스,KD,KR,기타서비스,
216080,제테마,KD,KR,제약바이오,
217190,제너셈,KD,KR,반도체,
217270,넵튠,KD,KR,게임엔터테인먼트,
217330,싸이토젠,KD,KR,제약바이오,
217480,에스디생명공학,KD,KR,화장품,
217500,러셀,KD,KR,기계와장비,
217600,켐온,KD,KR,제약바이오,
217620,디딤,KD,KR,레저,
217730,강스템바이오텍,KD,KR,생물공학,
217820,엔에스,KD,KR,기계와장비,
218150,미래생명자원,KD,KR,음식료,
218410,RFHIC,KD,KR,통신장비,
219130,타이거일렉,KD,KR,반도체,
219420,링크제니시스,KD,KR,소프트웨어,
219550,MP한강,KD,KR,화장품,
219750,지티지웰니스,KD,KR,의료정밀기기,
220100,퓨쳐켐,KD,KR,제약바이오,
220180,핸디소프트,KD,KR,소프트웨어,
220260,켐트로스,KD,KR,화학,
220630,해마로푸드서비스,KD,KR,레저,
221610,자안,KD,KR,화학,
221840,하이즈항공,KD,KR,우주항공및국방,
221980,케이디켐,KD,KR,화학,
222040,코스맥스엔비티,KD,KR,제약바이오,
222080,씨아이에스,KD,KR,기계와장비,
222110,팬젠,KD,KR,제약바이오,
222420,쎄노텍,KD,KR,화학,
222800,심텍,KD,KR,전자장비와기기,
222810,마이더스AI,KD,KR,소프트웨어,
222980,한국맥널티,KD,KR,음식료,
223250,드림씨아이에스,KD,KR,,
223310,경남제약헬스케어,KD,KR,전자부품제조업,
224060,코디엠,KD,KR,반도체,
224110,에이텍티앤,KD,KR,컴퓨터와주변기기,
225190,삼양옵틱스,KD,KR,전자장비와기기,
225220,제놀루션,KD,KR,,
225330,씨엠에스에듀,KD,KR,교육,
225430,케이엠제약,KD,KR,화학,
225530,보광산업,KD,KR,건축자재,
225570,넷게임즈,KD,KR,게임엔터테인먼트,
225590,패션플랫폼,KD,KR,섬유의류,
226320,잇츠한불,KP,KR,화장품,
226330,신테카바이오,KD,KR,소프트웨어,
226340,본느,KD,KR,화장품,
226350,아이엠텍,KD,KR,핸드셋,
226360,이엑스티,KD,KR,건축자재,
226400,오스테오닉,KD,KR,의료정밀기기,
226440,한송네오텍,KD,KR,디스플레이장비및부품,
226950,올릭스,KD,KR,제약바이오,
227100,디자인,KD,KR,전기전자,
227610,아우딘퓨쳐스,KD,KR,화장품,
227840,현대코퍼레이션홀딩스,KP,KR,유통,
227950,엔투텍,KD,KR,기계와장비,
228340,동양파일,KD,KR,건축자재,
228670,레이,KD,KR,의료정밀기기,
228760,지노믹트리,KD,KR,제약바이오,
228850,레이언스,KD,KR,의료정밀기기,
229000,젠큐릭스,KD,KR,,
229640,LS전선아시아,KP,KR,금융,
230240,에치에프알,KD,KR,통신장비,
230360,에코마케팅,KD,KR,기타서비스,
230980,에이트원,KD,KR,소프트웨어,
232140,와이아이케이,KD,KR,반도체,
234080,JW생명과학,KP,KR,제약바이오,
234100,세원,KD,KR,자동차부품,
234300,에스트래픽,KD,KR,IT서비스,
234340,세틀뱅크,KD,KR,IT서비스,
234690,녹십자웰빙,KD,KR,제약바이오,
234920,자이글,KD,KR,가정용기기,
235980,메드팩토,KD,KR,제약바이오,
236200,슈프리마,KD,KR,전자장비와기기,
237690,에스티팜,KD,KR,제약바이오,
237750,피앤씨테크,KD,KR,전기전자,
237820,플레이디,KD,KR,,
237880,클리오,KD,KR,화장품,
238090,앤디포스,KD,KR,핸드셋,
238120,얼라인드,KD,KR,의료정밀기기,
238200,비피도,KD,KR,제약바이오,
238490,힘스,KD,KR,디스플레이장비및부품,
239340,줌인터넷,KD,KR,IT서비스,
239610,에이치엘사이언스,KD,KR,제약바이오,
240810,원익IPS,KD,KR,반도체,
241520,DSC인베스트먼트,KD,KR,금융,
241560,두산밥캣,KP,KR,기계와장비,
241590,화승엔터프라이즈,KP,KR,섬유의류,
241690,유니테크노,KD,KR,자동차부품,
241710,코스메카코리아,KD,KR,화장품,
241770,메카로,KD,KR,반도체,
241790,오션브릿지,KD,KR,반도체,
241820,피씨엘,KD,KR,제약바이오,
241840,에이스토리,KD,KR,오락과문화,
242040,나무기술,KD,KR,IT서비스,
243070,휴온스,KD,KR,제약바이오,
243840,신흥에스이씨,KD,KR,전자부품제조업,
244460,올리패스,KD,KR,화장품,
244920,에이플러스에셋,KP,KR,,
245620,EDGC,KD,KR,제약바이오,
246690,TS인베스트먼트,KD,KR,금융,
246710,티앤알바이오팹,KD,KR,생물공학,
246720,아스타,KD,KR,제약바이오,
246960,이노테라피,KD,KR,제약바이오,
247540,에코프로비엠,KD,KR,전자부품제조업,
248170,샘표식품,KP,KR,음식료,
249420,일동제약,KP,KR,제약바이오,
250000,보라티알,KD,KR,유통,
250060,모비스,KD,KR,전자장비와기기,
250930,예선테크,KD,KR,디스플레이장비및부품,
251270,넷마블,KP,KR,게임엔터테인먼트,
251370,와이엠티,KD,KR,전자장비와기기,
251630,브이원텍,KD,KR,디스플레이장비및부품,
251970,펌텍코리아,KD,KR,종이와목재,
252500,세화피앤씨,KD,KR,화장품,
253450,스튜디오드래곤,KD,KR,오락과문화,
253590,네오셈,KD,KR,반도체,
253840,수젠텍,KD,KR,의료정밀기기,
254120,자비스,KD,KR,기계와장비,
255220,SG,KD,KR,건축자재,
255440,야스,KD,KR,디스플레이장비및부품,
256150,한독크린텍,KD,KR,기계와장비,
256630,포인트엔지니어링,KD,KR,디스플레이장비및부품,
256840,한국비엔씨,KD,KR,제약바이오,
256940,케이피에스,KD,KR,디스플레이장비및부품,
257370,명성티엔에스,KD,KR,전자부품제조업,
258610,이더블유케이,KD,KR,기계와장비,
258790,소프트캠프,KD,KR,소프트웨어,
258830,세종메디칼,KD,KR,의료정밀기기,
259630,엠플러스,KD,KR,기계와장비,
260660,알리코제약,KD,KR,제약바이오,
260930,씨티케이코스메틱스,KD,KR,화장품,
261200,덴티스,KD,KR,,
262260,에이프로,KD,KR,,
263020,디케이앤디,KD,KR,섬유의류,
263050,유틸렉스,KD,KR,생물공학,
263540,샘코,KD,KR,우주항공및국방,
263600,덕우전자,KD,KR,전자부품제조업,
263690,디알젬,KD,KR,의료정밀기기,
263700,케어랩스,KD,KR,소프트웨어,
263720,디앤씨미디어,KD,KR,IT서비스,
263750,펄어비스,KD,KR,게임엔터테인먼트,
263770,유에스티,KD,KR,철강과금속,
263800,데이타솔루션,KD,KR,IT서비스,
263810,상신전자,KD,KR,전자부품제조업,
263860,지니언스,KD,KR,소프트웨어,
263920,블러썸엠앤씨,KD,KR,화장품,
264450,유비쿼스,KD,KR,통신장비,
264660,씨앤지하이테크,KD,KR,반도체,
264850,이랜시스,KD,KR,전자부품제조업,
264900,크라운제과,KP,KR,음식료,
26490K,크라운제과우,KP,KR,,우선주
265480,미래에셋대우스팩1호,KD,KR,,
265520,AP시스템,KD,KR,디스플레이장비및부품,
265560,영화테크,KD,KR,자동차부품,
265740,엔에프씨,KD,KR,,
267250,현대중공업지주,KP,KR,화학,
267260,현대일렉트릭,KP,KR,전기전자,
267270,현대건설기계,KP,KR,기계와장비,
267290,경동도시가스,KP,KR,가스유틸리티,
267320,나인테크,KD,KR,,
267790,배럴,KD,KR,섬유의류,
267850,아시아나IDT,KP,KR,IT서비스,
267980,매일유업,KD,KR,음식료,
268280,미원에스씨,KP,KR,화학,
268600,셀리버리,KD,KR,제약바이오,
269620,시스웍,KD,KR,반도체,
270520,지엔원에너지,KD,KR,기타서비스,
270870,뉴트리,KD,KR,제약바이오,
271560,오리온,KP,KR,음식료,
271980,제일약품,KP,KR,제약바이오,
272110,케이엔제이,KD,KR,디스플레이장비및부품,
272210,한화시스템,KP,KR,전자부품제조업,
272290,이녹스첨단소재,KD,KR,전자장비와기기,
272450,진에어,KP,KR,항공사,
272550,삼양패키징,KP,KR,종이와목재,
273060,와이즈버즈,KD,KR,,
274090,켄코아에어로스페이스,KD,KR,,
275540,파워 스마트밸류,KP,KR,,
275630,에스에스알,KD,KR,소프트웨어,
277070,린드먼아시아,KD,KR,금융,
277410,인산가,KD,KR,음식료,
277880,티에스아이,KD,KR,,
278280,천보,KD,KR,디스플레이장비및부품,
278650,노터스,KD,KR,제약바이오,
279410,한화에이스스팩4호,KD,KR,,
279600,미디어젠,KD,KR,소프트웨어,
280360,롯데제과,KP,KR,음식료,
281740,레이크머티리얼즈,KD,KR,화학,
281820,케이씨텍,KP,KR,반도체,
282330,BGF리테일,KP,KR,소매유통업,
282690,동아타이어,KP,KR,자동차부품,
282880,코윈테크,KD,KR,기계와장비,
284620,카이노스메드,KD,KR,제약바이오,
284740,쿠쿠홈시스,KP,KR,가정용기기,
285130,SK케미칼,KP,KR,화학,
28513K,SK케미칼우,KP,KR,,우선주
285490,노바텍,KD,KR,핸드셋,
286750,나노브릭,KD,KR,화학,
286940,롯데정보통신,KP,KR,IT서비스,
288330,브릿지바이오테라퓨틱스,KD,KR,제약바이오,
288620,에스퓨얼셀,KD,KR,전자부품제조업,
289010,아이스크림에듀,KD,KR,교육,
289080,SV인베스트먼트,KD,KR,금융,
290120,대유에이피,KD,KR,자동차부품,
290270,휴네시온,KD,KR,소프트웨어,
290380,대유,KD,KR,화학,
290510,코리아센터,KD,KR,소프트웨어,
290520,신도기연,KD,KR,,
290550,디케이티,KD,KR,핸드셋,
290650,엘앤씨바이오,KD,KR,제약바이오,
290660,네오펙트,KD,KR,의료정밀기기,
290670,대보마그네틱,KD,KR,기계와장비,
290690,소룩스,KD,KR,,
290720,푸드나무,KD,KR,음식료,
290740,액트로,KD,KR,핸드셋,
291650,압타머사이언스,KD,KR,,
293480,하나제약,KP,KR,제약바이오,
293490,카카오게임즈,KD,KR,,
293580,나우IB,KD,KR,금융,
293780,압타바이오,KD,KR,제약바이오,
293940,신한알파리츠,KP,KR,기타서비스,
294090,이오플로우,KD,KR,,
294140,레몬,KD,KR,,
294630,서남,KD,KR,,
294870,HDC현대산업개발,KP,KR,건설,
297090,씨에스베어링,KD,KR,기계와장비,
297570,알로이스,KD,KR,전자부품제조업,
297890,엘이티,KD,KR,,
298000,효성화학,KP,KR,화학,
298020,효성티앤씨,KP,KR,섬유의류,
298040,효성중공업,KP,KR,전기전자,
298050,효성첨단소재,KP,KR,화학,
298060,에스씨엠생명과학,KD,KR,,
298380,에이비엘바이오,KD,KR,생물공학,
298540,더네이쳐홀딩스,KD,KR,,
298690,에어부산,KP,KR,항공사,
299030,하나기술,KD,KR,,
299170,더블유에스아이,KD,KR,,
299660,셀리드,KD,KR,제약바이오,
299900,위지윅스튜디오,KD,KR,오락과문화,
299910,베스파,KD,KR,게임엔터테인먼트,
300080,플리토,KD,KR,IT서비스,
300120,라온피플,KD,KR,전자장비와기기,
300720,한일시멘트,KP,KR,건축자재,
301300,바이브컴퍼니,KD,KR,,
302430,이노메트리,KD,KR,기계와장비,
302550,리메드,KD,KR,의료정밀기기,
303030,지니틱스,KD,KR,반도체,
304100,솔트룩스,KD,KR,,
304840,피플바이오,KD,KR,,
305090,마이크로디지탈,KD,KR,의료정밀기기,
306040,에스제이그룹,KD,KR,섬유의류,
306200,세아제강,KP,KR,철강과금속,
306620,네온테크,KD,KR,기계와장비,
307180,아이엘사이언스,KD,KR,디스플레이장비및부품,
307750,국전약품,KD,KR,,
307930,컴퍼니케이,KD,KR,금융,
307950,현대오토에버,KP,KR,IT서비스,
308100,까스텔바작,KD,KR,섬유의류,
308170,센트랄모텍,KP,KR,자동차부품,
309930,오하임아이엔티,KD,KR,,
310200,애니플러스,KD,KR,,
311390,네오크레마,KD,KR,음식료,
311690,천랩,KD,KR,제약바이오,
312610,에이에프더블류,KD,KR,전자부품제조업,
313760,윌링스,KD,KR,전기전자,
314130,지놈앤컴퍼니,KD,KR,,
316140,우리금융지주,KP,KR,은행,
317120,라닉스,KD,KR,통신장비,
317240,TS트릴리온,KD,KR,,
317330,덕산테코피아,KD,KR,디스플레이장비및부품,
317400,자이에스앤디,KP,KR,부동산,
317530,캐리소프트,KD,KR,오락과문화,
317690,퀀타매트릭스,KD,KR,,
317770,슈프리마아이디,KD,KR,전자부품제조업,
317830,에스피시스템스,KD,KR,기계와장비,
317850,대모,KD,KR,기계와장비,
317870,엔바이오니아,KD,KR,가정용기기,
318000,한국바이오젠,KD,KR,화학,
318010,팜스빌,KD,KR,제약바이오,
318020,포인트모바일,KD,KR,,
318410,비비씨,KD,KR,,
319660,피에스케이,KD,KR,반도체,
320000,윈텍,KD,KR,,
321550,티움바이오,KD,KR,제약바이오,
322000,현대에너지솔루션,KP,KR,,
322180,티라유텍,KD,KR,IT서비스,
322510,제이엘케이,KD,KR,소프트웨어,
322780,코퍼스코리아,KD,KR,,
323230,엠에프엠코리아,KD,KR,,
323990,박셀바이오,KD,KR,,
326030,SK바이오팜,KP,KR,,
327260,메탈라이프,KD,KR,통신장비,
330350,위더스제약,KD,KR,,
330590,롯데리츠,KP,KR,기타서비스,
330860,네패스아크,KD,KR,,
331920,셀레믹스,KD,KR,,
332370,아이디피,KD,KR,,
332570,와이팜,KD,KR,,
334890,이지스밸류리츠,KP,KR,,
335810,프리시젼바이오,KD,KR,,
335890,비올,KD,KR,,
336260,두산퓨얼셀,KP,KR,전자부품제조업,
33626K,두산퓨얼셀1우,KP,KR,,
33626L,두산퓨얼셀2우B,KP,KR,,우선주
336370,솔루스첨단소재,KP,KR,전자부품제조업,
33637K,솔루스첨단소재1우,KP,KR,,
33637L,솔루스첨단소재2우B,KP,KR,,우선주
337930,브랜드엑스코퍼레이션,KD,KR,,
338100,NH프라임리츠,KP,KR,기타서비스,
339770,교촌에프앤비,KP,KR,,
339950,아이비김영,KD,KR,,
340570,티앤엘,KD,KR,,
344050,신영스팩6호,KD,KR,,
344820,케이씨씨글라스,KP,KR,,
347000,센코,KD,KR,,
347140,케이프이에스제4호,KD,KR,,
347740,피엔케이피부임상연구센타,KD,KR,,
347770,핌스,KD,KR,,
347860,알체라,KD,KR,,
347890,엠투아이,KD,KR,,
348150,고바이오랩,KD,KR,,
348210,넥스틴,KD,KR,,
348350,위드텍,KD,KR,,
348950,제이알글로벌리츠,KP,KR,,
349720,이베스트스팩5호,KD,KR,,
350520,이지스레지던스리츠,KP,KR,,
352770,클리노믹스,KD,KR,,
352820,빅히트,KP,KR,,
352940,인바이오,KD,KR,,
353190,엔에이치스팩16호,KD,KR,,
353200,대덕전자,KP,KR,,
35320K,대덕전자1우,KP,KR,,우선주
353490,미래에셋대우스팩 5호,KD,KR,,
353810,이지바이오,KD,KR,,
354200,엔젠바이오,KD,KR,,
356860,티엘비,KD,KR,,
357120,코람코에너지리츠,KP,KR,,
357250,미래에셋맵스리츠,KP,KR,,
357550,석경에이티,KD,KR,,
357780,솔브레인,KD,KR,,
359090,엔에이치스팩17호,KD,KR,,
363280,티와이홀딩스,KP,KR,,
36328K,티와이홀딩스우,KP,KR,,우선주
365550,ESR켄달스퀘어리츠,KP,KR,,
365590,엔에이치스팩18호,KD,KR,,
367340,DB금융스팩8호,KD,KR,,
900070,글로벌에스엠,KD,KR,자동차부품,
900080,에스앤씨엔진그룹,KD,KR,자동차부품,
900100,뉴프라이드,KD,KR,자동차부품,
900110,이스트아시아홀딩스,KD,KR,섬유의류,
900120,씨케이에이치,KD,KR,제약바이오,
900140,엘브이엠씨홀딩스,KP,KR,유통,
900250,크리스탈신소재,KD,KR,,
900260,로스웰,KD,KR,자동차부품,
900270,헝셩그룹,KD,KR,,
900280,골든센츄리,KD,KR,자동차부품,
900290,GRT,KD,KR,디스플레이장비및부품,
900300,오가닉티코스메틱,KD,KR,화장품,
900310,컬러레이,KD,KR,화장품,
900340,윙입푸드,KD,KR,음식료,
950110,SBI핀테크솔루션즈,KD,KR,IT서비스,
950130,엑세스바이오,KD,KR,제약바이오,
950140,잉글우드랩,KD,KR,화장품,
950160,코오롱티슈진,KD,KR,제약바이오,
950170,JTC,KD,KR,레저,
950180,SNK,KD,KR,게임엔터테인먼트,
950190,미투젠,KD,KR,,
950200,소마젠(Reg.S),KD,KR,,
